name,account
Franz Wagner,franzboogie
Patrick Williams,patricklw4
Malcolm Brogdon,MalcolmBrogdon7
Chris Duarte,C_Duarte5
josh giddey,joshgiddey
Rayjon Tucker,th3flighttuck
Dj Augustin,augustinDj14
De'Andre Hunter,DreHunter
ty Jerome,tyjerome_
Tyrese Haliburton,TyHaliburton22
Collin 'Young Bull' Sexton,CollinSexton02
Daquan Jeffries,daquanjeffries2
Usman Garuba Alari,Usmangaruba
Boban Marjanovic,BobanMarjanovic
Jevon Carter (Bulldog),nextlevel_03
Mikal Bridges,mikal_bridges
Devonte Graham,Devonte4Graham
Vlatko anar,CancarVlatko
Mario Hezonja,mariohezonja
Ishmael Smith,IshSmith
Juan Toscano Anderson,juanonjuan10
Charles Bassey,CB_ONES23
Terance Mann,terance_mann
Elie Okobo,ElieOkobo_0
Justin Champagnie,JusChampagnie
Maxi Kleber,MaxiKleber
Joshua Primo,JoshuaPrimo4
Jonathan Kuminga ,JonathanKuming6
Isaiah JacksonBlack Chaldean,IJackson22
Chris Boucher,chrisboucher
Kevin Hervey,kherv_25
Johnathan Motley,Moneymot5
Luka amani,SamanicLuka
Isaac Bonga,isaacbonga
Tre Mann,tre2mann3
Greg Brown,gb3elite
Lance Thomas,MrLance42
Dario Saric,dariosaric
Mo Bamba,TheRealMoBamba
Thomas Bryant,nolimittb31
Sheldon Mac,sheldonmacc
Frank Ntilikina,FrankLikina
Khyri Thomas,Khyri_2
Gabe Nnamdi Vincent,iamgabevincent2
Cody Martin,cody_martin15
Kris Dunn,KrisDunn3
James Wiseman,BigTicket_JW
Kenny Wooten,kennywootenjr
Nigel Williams-Goss,NigelWG5
Cade Cunningham,CadeCunningham_
Ziaire Williams,therealZiaire
Jalen Green,JalenGreen
Isaiah Todd,zaytodd
De'Aaron Fox,swipathefox
Avery Bradley,Avery0Bradley
Rodney Hood,rodneyhood
Rui Louis Hachimura  ,rui_8mura
Mitchell Robinson,23savage____
Corey Kispert,corey_kispert
Keon Johnson,iamkeonjohnson
Brandon Goodwin,goodysav
Daniel Theis,dtheis10
Cole Anthony,The_ColeAnthony
Isaiah Hartenstein,Ipjh55
Deandre Ayton,DeandreAyton
Nemanja Bjelica,NemanjaBjelica
Dorian Finney-Smith,doefinney_10
Scott Barnes,ScottBarnes561
Brandon Boston Jr,bboston_
Precious Achiuwa,PreciousAchiuwa
Jalen Lecque,jalenlecque10
Zion Williamson,Zionwilliamson
Romeo Langford,yeahyeah22
Bruno Fernando,BrunoFernandoMV
Dayron sharpe,dayron_sharpe
Immanuel Jaylen Quickley,IQ_GodSon
Sekou Doumbouya,sekou_doums
Sharife Cooper,SharifeCooper
James Bouknight,jam3s210
Ignas Brazdeikis,_iggy_braz
Cedi Osman,cediosman
Evan Mobley,evanmobley
Abdel Nader,AbdelNader2
Isaiah Whitehead,isaiahwhitehead
Timothe Luwawu C,timcabs
Delon Wright,delonwright
Jaden Springer,jadenspringer11
Chasson Randle,ChassonRandle
Jamal Murray,BeMore27
Ja Morant,JaMorant
Jontay Porter,JontayPorter
Cam Thomas,24_camthomas
Kevin Yogi Ferrell,YogiFerrell11
Garrison Mathews,gmathews_24
Jaylen Hoard,JaylenHoard
Jakob Poeltl,JakobPoeltl
Ivica Zubac,ivicazubac
Jaxson Hayes,hayes_jaxson
Alexander Sandro Mamukelashvili,Mamukelashvili5
SirDominic Pointer,Sirdom1
kz okpala,kz_okpala_
Mfiondu Kabengele,Mfiondu
James Johnson,IamJJ16
Nickeil Alexander-Walker,NickeilAW
Emmanuel Mudiay,emmanuelmudiay
G Scott Lewis,Scottie23L
Naz Reid,NazReid
DG ,Dan_G33
Jeremiah Robinson-Earl,JCREarl
Derrick Jones Jr.,TheRea1DJones
Luguentz Dort ,luthebeast
Jalen Johnson,Jalen_J23
M11es McBride,deucemcb11
Trey Murphy III,Treymurphyiii
Jarrell Brantley,jstuntbrantley
Damyean Dotson ,wholeteamDot
Shai Gilgeous-Alexander,shaiglalex
Trae Young,TheTraeYoung
Marvin Bagley III,MB3FIVE
Svi Mykhailiuk,Sviat_10
RaiQuan Gray,Tgray4
Tyler Johnson,Pusha650
Caris LeVert,CarisLeVert
Kawhi Leonard,kawhileonard
Shabazz Napier,ShabazzNapier
Nassir Little,2ez_nassie
Bruno Caboclo,Bruno_Caboclo
Hamidou Diallo,hamidoudiallo
Kira Lewis Jr.,kiralewisjr
Tyrese Maxey,TyreseMaxey
Dwight Powell,DwightPowell33
Nikola Vucevic,NikolaVucevic
Josh Jackson,j_josh11
Dragan Bender,DBender03
Bogdan Bogdanovic,LeaderOfHorde
Tj Leaf,leafsquad22
Tyler Herro,raf_tyler
Matisse Thybulle,MatisseThybulle
Kostas Antetokounmpo,Kostas_ante13
Josh(ua) Christopher,Jaygup23
Kai Jones,242_jones
Quentin Grimes,qdotgrimes
Giannis Ugo Antetokounmpo,Giannis_An34
Elhadji T Fall,tackofall99
Javonte Green,2Xtremebounce
Jonas Valanciunas,JValanciunas
Obi Toppin,obitoppin1
Franklin Jackson,FWJackson15
Lord Nu,lifeofnanu_32
Davion Mitchell,hoopculture13
chuma okeke,chuma_okeke
Nicol Melli,NikMelli
Jonathan Isaac,JJudahIsaac
TJ McConnell,TJMcConnell
Big Tymah,JaylenNowell
Luke Kennard,LukeKennard5
klay thompson,KlayThompson
Matt Mooney,MoonSwag13
Damian Jones,dameology
Marial Shayok,MarialShayok
Jacob Evans III,JacobEvans_1
Juancho Hernangomez,juanchiviris41
Jared Butler,J_Hooper11
Clint Capela,CapelaClint
Tony Bradley Jr. ,ToBrad1
pascal siakam,pskills43
Alex Len,alexlen
d.j. wilson,Lanky_Smoove
Onyeka Okongwu,BigO21_
Markelle Fultz,MarkelleF
Jason Preston,Treballjay11
Lonnie Walker IV,lonniewalker_4
Rodney McGruder,RodneyMcGruder
Jalen Brunson,jalenbrunson1
Isaiah Roby,roby_isaiah
Carsen Edwards,Cboogie_3
Luka Garza ,LukaG_55
Darius Garland,dariusgarland22
Kyle O'Quinn,Kyle_OQuinn
Gorgui Dieng,GorguiDieng
Brian Bowen II,tugs_
Justin Holiday,JustHolla7
jarrett culver,jarrettc08
GARY x TRENT x JR ,gtrentjr
Mamadi Diakite,_mdiakite
Steven Adams,RealStevenAdams
Bojan Bogdanovic,44Bojan
DeAnthony Melton,DeAnthonyMelton
Dean Wade,deanwade3232
Kentavious C.P,CaldwellPope
Ben Simmons,BenSimmons25
Marquese Chriss,quese
Justin Wright-Foreman,JayWright_3
Paul Millsap,Paulmillsap4
Dejounte Murray,DejounteMurray
Grant Williams,Grant2Will
Thon Maker ,ThonMaker14
Justin Jackson,JJacks_44
Ryan Arcidiacono,RyArch15
Lauri Markkanen,MarkkanenLauri
Lonzo Ball,ZO2_
Paul Watson Jr,_PWJiii
PJ Washington,PJWashington
Chris Silva,SilvaObame
Furkan Korkmaz,FurkanKorkmaz
Dewan Hernandez,DewanGoesFor_20
Tomas Satoransky,satoransky
Ray ,RaySpalding_4
Devontae Cacok,Vontae__15
JARED HARPER,Therealvinoo
Troy Brown Jr,Troy_Brown33
Aaron Gordon,Double0AG
Frank Mason,FrankMason0
Derrick Rose,drose
I AM. caleb.,calebswanigan50
Rudy Gobert,rudygobert27
Grayson Allen,GraysonJAllen
Wendell Carter Jr,wendellcarter34
Kobi Simmons,JordanKobi
Kyle Alexander,KyleJamal4
David johnson ,davidjohnson13
Evan Fournier,EvanFourmizz
Keita Bates-Diop,KBD_33
Myles Turner,Original_Turner
Jake Layman,JLayman10
Jordan McRae,JordyMac52
13am Adebayo,Bam1of1
Harrison Barnes,hbarnes
Malik Monk,AhmadMonk
Kevin Huerter,KevinHuerter
Tyler Zeller,ZellerTyler
Rj Barrett,RjBarrett6
marcus smart,smart_MS3
Kyran Bowman,KyranBowman
Moe Wagner,moritz_weasley
Caleb Martin,Calebmartin14
Payton Pritchard,paytonpritch3
Amir Coffey,coffeyshop_
Jalen Suggs,jalensuggs
Will Barton,WillTheThrillB5
marcus zegarowski,MZegarowski1
Alize Johnson,AlizeJohnson
Skal Lab,OneBigHaitian
Bryn Forbes,BrynjForbes
PJ Dozier,Dozier_Kid
Joakim Noah,JoakimNoah
Mychal Mulder,MychalMulder
Donovan Mitchell,spidadmitchell
Jusuf Nurki,bosnianbeast27
Trent Forrest,TForrest_11
Cam Reddish,camreddish
John Collins,jcollins20_
Joe Wieskamp,JWieskamp21
Luka Doncic,luka7doncic
Yuta Watanabe  ,wacchi1013
Dylan Windler,Dylan_Windler23
Jayson Tatum,jaytatum0
Chris Clemons,idropcoldbucks
Kenrich Williams,williamskenrich
Allonzo Trier,ISO_ZO
Jarrett Allen,_bigjayy_
Jaylen Brown,FCHWPO
Joel Troel Embiid,JoelEmbiid
Deonte Burton,DeonteBurton
Courtney Lee,CourtneyLee5
Zach LaVine,ZachLaVine
Denzel Valentine,denzelvalentine
Ian Mahinmi,ianmahinmi
Tyus Jones,1Tyus
Rodions Kurucs,RODIONS1
Ayo Dosunmu,AyoDos_11
Jawun Evans,j3vans1_
Udonis Haslem,ThisIsUD
Damion James,KONJames10
Brandon Clarke,brandonclarke23
Wayne Ellington,WayneEllington
Spencer Dinwiddie,SDinwiddie_25
Dillon Brooks,dillonbrooks24
Ben McLemore,BenMcLemore
Domantas Sabonis,Dsabonis11
Jeff Green,unclejeffgreen
Bruce Brown,BruceBrown11
Zach Collins,zcollins_33
Goran Dragi,Goran_Dragic
Herbert Jones,_hoopinglife
D'Angelo Russell,Dloading
Pat Connaughton,pconnaughton
Fred VanVleet,FredVanVleet
DeMarre Carroll,DeMarreCarroll1
O.G. Anunoby,OAnunoby
Gary Clark,Gary11_Clark
Oshae Brissett,Obrissy
Willy Hernangmez Geuer,willyhg94
Zylan Cheatham,1KingZ4
Jarred Vanderbilt,JVando
Kelan Martin,kelan30_
Chris Chiozza FLASH ,Chiozza11
Josh Hart,joshhart
Kyle J Guy,kylejguy
Vincent Poirier,viinze_17P
Dennis Smith Jr.,Dennis1SmithJr
Josh Okogie,CallMe_NonStop
Jrue Holiday,Jrue_Holiday11
J Lamb,jlamb
Enes Kanter,EnesKanter
Robert Williams,rob_williamsIII
Eric Gordon,TheofficialEG10
Vic Law,Followthe_LAW
Christian Wood,Chriswood_5
Bobby BP Portis,BPortistime
Treveon Graham (Tafari Peace ),TreBall21
Shaquille Harrison,ShaqHarrison_3
Royce O'Neale,BucketsONeale00
TJ Warren,TonyWarrenJr
Chimezie Metu,Chimezie_Metu
Cam Reynolds,CamoCinco
Willie Trill Cauley-Stein,THEwillieCS15
Jahlil Okafor,JahlilOkafor
Kelly Olynyk,KellyOlynyk
Cory Joseph,Cory_Joe
Norvel Pelle,NorvelPelle05
Duncan Robinson,D_Bo20
Antonius Cleveland,ac_uno1
Miles Bridges,MilesBridges
Bismack Biyombo,bismackbiyombo
Jerami Grant,JeramiGrant
Admiral Schofield    ,admiralelite15
Kemba Walker,KembaWalker
ETwaun Moore,ETwaun55
Jeff Teague,Teague0
Danny Green,DGreen_14
Damian Lillard,Dame_Lillard
Reggie Jackson,Reggie_Jackson
Langston Galloway,LangGalloway10
Harry Giles III,HGiiizzle
Cody Zeller,CodyZeller
Theo pinson,tpinsonn
Alex Caruso,ACFresh21
Jimmy Butler,JimmyButler
Dewayne Dedmon,d_dedmon3
LaMarcus Aldridge,aldridge_12
Jordan Bell,1jordanbell
Andre Drummond,AndreDrummond
Malcolm Miller,MalcMili13
Landry Shamet,landryshamet
JaKarr Sampson,KarrSampson14
Alfonzo McKinnie,_Alvo_
Georges Niang,GeorgesNiang20
Tim Hardaway Jr,T_HardJR
Robert Covington,Holla_At_Rob33
Nerlens Noel,NerlensNoel3
Trey Lyles,TreyLyles
Wesley Matthews,WessyWes23
Terrence Ross,TerrenceRoss
andrew wiggins,22wiggins
Justise Winslow,IAmJustise
Matthew W. Thomas,Theiceman_21
Kristaps Porzingis,kporzee
Quinndary W.,IAM_QUINN11
Johnathan Williams,Iam_J3
Kevin Love,kevinlove
Dvis Bertns,DBertans_42
Jordan McLaughlin,itsmclaughlin11
Torrey Craig,TCraig_23
william howard,whow25
Eric Paschall,epaschall
John Henson,Johnhenson31
Mike Kidd-Gilchrist,MKG14
Josh Gray,ThatsJoshGray
Larry Nance Jr,Larrydn22
Wes Iwundu,_Iwundu25
Mason Plumlee,masonplumlee
Matthew Dellavedova,matthewdelly
Terry Rozier,T_Rozzay3
Brad Wanamaker,phillybul_22
Brandon Knight,Goodknight11
Julius Randle,J30_RANDLE
Wilson Chandler,wilsonchandler
Anthony Tolliver,ATolliver44
Buddy Love !!!!,buddyhield
JaMychal Green,Jmyke1
Keef Morris,Keefmorris
Andre Roberson,FlyDre21
Brandon X. Ingram,B_Ingram13
Nicolas Batum,nicolas88batum
Vince Carter,mrvincecarter15
Anthony Davis,AntDavis23
Austin Rivers,AustinRivers25
Michael Carter-Willi,mcarterwilliams
norman powell,npowell2404
Bradley Beal,RealDealBeal23
Derrick Favors,dfavors14
Richaun Holmes,Rich_Holmes22
Rajon Rondo,RajonRondo
Mike Scott,mikescott
Hassan Whiteside,youngwhiteside
Marcus Morris,MookMorris2
James Ennis,JamesDa_Truth
Khem Birch,Khem_Birch
Raul Togni Neto,RaulTogni
Semi Ojeleye,semi
Alec Burks,AlecBurks10
Frank Kaminsky III ,FSKPart3
Philly Cheese ,dionwaiters3
Montrezl Harrell,MONSTATREZZ
John Wall,JohnWall
Gary Harris,thats_G_
JAE CROWDER,CJC9BOSS
Draymond Green,Money23Green
Nazareth J. Mitrou-Long,NazzyJML
Kendrick Nunn,nunnbetter_
Derrick White,Dwhite921
Damion Lee,Dami0nLee
Eric Bledsoe,EBled2
Cameron Payne,campayne
CJ McCollum,CJMcCollum
Patrick Beverley,patbev21
Reggie Bullock,ReggieBullock35
Evan Turner,thekidet
Marco Belinelli,marcobelinelli
Victor Oladipo,VicOladipo
INDIANA GEORGE HILL,George_Hill3
Doug McDermott,dougmcdermott
Serge Ibaka,sergeibaka
Al Horford,Al_Horford
Al-Farouq Aminu,farouq1
Meyers Leonard,MeyersLeonard
Malik Beasley MB5,Mb5Malik
Karl-Anthony Towns,KarlTowns
Jos Juan Barea,jjbareapr
Taj Gibson,TajGibson
Jordan Clarkson,JordanClarksons
DANILO GALLINARI,gallinari8888
Drew Eubanks,DrewEubanks12
Tristan Thompson,RealTristan13
Quinn Cook,QCook323
Maurice Harkless,moe_harkless
Lou Williams,TeamLou23
Mike Conley,mconley11
Edmond Sumner,EdmondSumner
Khris Middleton,Khris22m
Troy Daniels,troydaniels
Patrick Patterson,pdpatt
Thad Young,yungsmoove21
Jared Dudley,JaredDudley619
Ed Davis,eddavisXVII
Chris Paul,CP3
Paul George,Yg_Trece
Dant Exum,daanteee
James Harden,JHarden13
Patrick Mills,Patty_Mills
Robin Lopez,rolopez42
Kyle Korver,KyleKorver
DeAndre Jordan ,DeAndre
Gordon Hayward,gordonhayward
DeMar DeRozan,DeMar_DeRozan
Stephen Curry,StephenCurry30
Carmelo Anthony,carmeloanthony
Garrett Temple,GTemp17
Aron Baynes,aronbaynes
Seth Curry,sdotcurry
Cory Higgins,chiggins11
Joe Ingles,Joeingles7
solomon hill,solohill
Darius Miller,DmillerKY
Rudy Gay,RudyGay
Russell Westbrook,russwest44
Kevin Durant,KDTrey5
Joe Crawford,JoeCrawford5
Sam Dekker,dekker
Blake Griffin,blakegriffin23
Ricky Rubio,rickyrubio9
malcolm delaney,foe23
Kyle Lowry,Klow7
Thabo Sefolosha,ThaboSefolosha
BJ Johnson,Bj_metamorph
Tobias Harris,tobias31
Javale McGee,JaValeMcGee
Marc Gasol,MarcGasol
LeBron James,KingJames
Tyson Chandler,tysonchandler
Dwight Howard,DwightHoward
Fabricio Oberto,obricio7
Royce White,Highway_30
Cristiano Felcio,IamFelicio
Petr Cornelie,Petr_Cornelie
Wesley Saunders,shyxxm
Robert Upshaw,UPSHAW50
Marcus Paige,marcuspaige5
Cliff Alexander,CAlexander
Melvin Ejim,MelvinEjim
Andray Blatche,drayblatche
Terran Petteway,_TP5
Tyrone Wallace,TyWallace661
Marshall Plumlee,marshallplumlee
Scottie Wilbekin,scottiew_5
Jordan Williams,Jwilliams20
Darington Hobson,ParkaySmooth
Aaron Harrison,AaronICE2
Tony Carr,Tone10Carr
Zaza Pachulia,zaza27
Mindaugas Kuzminskas,MKuzminskas
Vince Edwards,VE_12
Jeremy Pargo,ImJustPargo
Stefan Jankovi,StefanJ33
Jonathon Simmons,ThaRealJsimms
Shake Milton,SniperShake
Tyler Honeycutt,thoneycutt23
Okaro White,owhite10
Arnoldas Kulboka,kulboka98
Craig Brackins,Cbrackins_33
Axel Toupane,toups_33
Danuel House,DanuelHouseJr
Terrence Williams,TheRealTWill
Shannon Scott,3SScott
Nicols Brussino,nicoobrussino
Dennis Horner,DHorner31
Thomas Welsh,tomwelsh40
Jarrid Famous,MrFamous_CME
George King,2bkings
Lester Hudson,Lester26Hudson
Primo Brezec,Primozbrezec
Chris Hunter,biggame_hunter
Salah Mejri,50Mejri
Matt Costello,MattCostello10
Malik Newman,iammaliknewman
Kyle Collinsworth,bigrussia5
Jaylen Adams,10jadams
Egidijus Mockeviius,Egidijus55
J.P. Macura,jpmacura
Jon Brockman,MrJonBrockman
Terrico White,TerricoWhite5
Keith Hornsby,KHornsby4
Kendrick Perkins,KendrickPerkins
Jameel Warney,Fullcoursemeelz
Jared Terrell,TheJaredTerrell
ngel Delgado,AngelDelgado
Levi Randolph,LeviRandolph20
Billy Preston,nolimitbill
Beau Beech,beaubeech02
Ersan lyasova,Ersan
Mike Tobey,miketobey10
Tim Quarterman,TimQuarterman1
Ryan Broekhoff,RBroekhoff45
Leandro Barbosa,TheBlurBarbosa
Derrick Brown,D_Brown4
Mickey McConnell,MickeyMcConnell
Patricio Garino,patitogarino
Keenan Evans,K3vans12
Sam Young,SamYoung4
Ron Baker,RonBaker31
Mickal Pitrus,MickaelPietrus
Troy Williams,troywilliams_
Garlon Green,G650G
Jarrod Uthoff,Mr_Uthoff
LaMelo Ball,MELOD1P
Darnell Jackson,DBlock_Official
Luke Zeller,LukeZeller40
Mustapha Farrakhan,lilmu2
Wayne Selden,WayneSeldenJr
Luke Sikma,LCSikma43
Joel Berry,JoelBerryII
Deni Avdija,deniavdia8
Yanick Moreira,Ymoreira02
Trevon Duval,DatGuy_Trey
Marcus Georges-Hunt,GTMGH3
Rawle Alkins,Iam_RawleAlkins
Killian Hayes,iam_killian
Terry Porter,terryporter30
Michael Stockton,MikeStock20
Alex Poythress,AlexTheGreat22
Daryl Macon,_dmacon4
Isaac Okoro,isaacokoro303
John Holland,Jholland_23
Zach Auguste,ZachEliAuguste
Yante Maten,YoungMoney_11
Cat Barber,catbarber1994
Terry Larrier,_TL22
Stephan Hicks,SmoovSteph
Aaron Nesmith,aaronnesmith24
Wenyen Gabriel,WenyenGabriel
Ryan Thompson,RyT5
Andrew Andrews,Drew_squared
Brandon McCoy,Mccoy_blvd
Saddiq Bey,_Beyyy15
Pablo Prigioni,PPrigioni9
Ricky Ledo,REALRICKLEDO1
Jacob Pullen,Jpullz0
Rasheed Sulaimon,sheed_ctmd1
Nick Zeisloft,n_zeis2
Jairus Lyles,_jlyles
Matt Janning,mjanning23
Quincy Ford,Qman_12
Isaiah Stewart,Dreamville_33
Othyus Jeffers,OthyusTheGreat
Jonathan Gibson,jgiblife
D'Vauntes Smith-Rivera,DSR43
Johnny Hamilton,johnny_tall
R.J. Hampton,RjHampton14
D.J. Stephens,DdotJAY30
Lazeric Jones,Zeek_Jones11
Tim Bond,itsbout_TIM
Devin Vassell,Yvngdevo
Scotty Hopson,Shopson32
Nikola Jovanovi,Nik_Jovanovic
Codi Miller-McIntyre,CMMPatience
Xavier Tillman Sr.,Rookiedunker
C.J. Williams,C_Will21
Braian Angola,Angola2411
Haywood Highsmith,Bigscony
Jonas Jerebko,JonasJerebko
Jalen Smith,thejalen_smith
Derrick Caracter,RebuildCaracter
Eugene Jeter,PoohJeter
J.J. Avila,NotLilJay
Amir Johnson,IamAmirJohnson
Garrett Stutz,Gstutz41
Jaylen Barford,Jbarford1
Daniel Oturu,oturu65
Isaiah Wilkins,isaiahwilkins21
Dairis Bertns,DairisBertans
Armon Johnson,AJALLDAY1
Damien Inglis,DamienINGLIS
Lamont Mack,MONT_MACK
Kyle Wiltjer,kwiltj
Zach Smith,SuperDuperZach
Zeke Nnaji,ZekeNnaji_Hoopz
Thanasis Antetokounmpo,Thanasis_ante43
Mac Koshwal,Macmainstreet
Gary Payton II,GaryPaytonII
Cody Demps,CodyDemps
Jaden McDaniels,Jmcdaniels7
Avery Johnson,CoachAvery6
Isaiah Taylor,Zay_Ctmd11
Emanuel Terry,EmanuelTerry08
Dusty Hannahs,D_Hannahs
Jordan Loyd,mrjloyd
Jemerrio Jones,JemerrioJ
Nemanja Dangubi,DangubicNemanja
Xavier Gibson,zaygibson
Jordan Barnett,JBounce33
Jamarr Sanders,2_E_A_Z_Y
Thomas Walkup,twalkup23
Rob Gray,iRob_G
Omri Casspi,Casspi18
Nicols Laprovttola,nicolapro7
Gracin Bakumanya,gbakumanya
Zach Lofton,ZachLofton
Kamar Baldwin,kamar3baldwin
Derek Cooke,DCookeJr
Desmond Bane,DBane0625
Ronald Roberts,RonaldRoberts5
Josh Magette,joshmagette
Marcus Lee,JustMarcusLee
Patrick Richard,prichard_3
Isaac Haas,theoriginalhaas
Leandro Bolmaro,BolmaroLeandro
Jack Cooley,JackCooligan45
Vernon Goodridge,VeEG00D
Vashil Fernandez,vashilluv_bball
Eric Moreland,EricMoreland15
Coby White,CobyWhite
Victor Claver,Victor_Claver
Darius Johnson-Odom,KingMe_DJ1
Mamadou N'Diaye,mamadoundiaye14
Elijah Stewart,Lou_weezy_ana
Kyle Kuric,KingKK_14
Le'Bryan Nash,LBgetbuckets02
DeVaughn Akoon-Purcell,dap44_
Tony Taylor,2cooltone
Doral Moore,2talldemondeac
DeQuan Jones,DequanMJones
Eric Griffin,EGRIFFDASTORY
Romero Osby,ROEOSBY24
David Nwaba,dnwaba0
Trey Lewis,Treylew3
Jared Berggren,jberggren40
Donte Grantham,DonteGrantham32
Damjan Rude,Damjan_Rudez
Keith Clanton,Im_Keithclanton
CJ Elleby,EllebyCj
Gabe York,gabeyork32
Sherron Collins,SHERRONCOLLINS4
A.J. Slaughter,ajslaughter8
Rodney Williams,YeahRod24
Jeff Roberson,j5robe
Josh Davis,JoshDavis_22
Khalif Wyatt,KhalifW05
Nick King,CrownMeKing5_
Goga Bitadze,GogaBiitadze
Patric Young,PatricYoung4
Trevor Mbakwe,TMbakwe32
Justin Bibbs,JustinBibbs10
Daequan Cook,DC4Three
Jayson Granger,jaygranger11
Desi Rodriguez,desirodriguez6
Tim Abromaitis,timabro21
Kris Joseph,RealKrisJo
Omar Reed,DaJuice55
Tiwian Kendley,princeofharlem8
Travis Peterson,TPeterson42
Scoochie Smith,scoochstackin
Markus Howard,markushoward11
David Stockton,dstockton32
Korie Lucious,KorieLucious
Deng Adel,Foreverdeng
Elijah Hughes,elijahhughes4_
Jarell Eddie,JarellEddie
Bonzie Colson,Bacolson35
Isaiah Joe,zai_joe1
E.J. Singler,EJSingler
Robert Johnson,RoJoJr
Mason Jones,masonjones2
Casey Prather,cprather24
Jamelle Hagins,JamelleHagins
Kaiser Gates,Kaisergates
Nathan Knight,nateknght
Jamil Wilson,jamilwilson_22
Myck Kabongo,MyckK9
Ike Nwamu,ike_nwamu
Keldon Johnson,imthe_truth32
Andre Dawkins,dre_dawkins
Michael Dunigan,DarknessRises17
Justin Patton,JustinPatton17
Tyrius Walker,iam_twalk
Saben Lee,SabenLee
Shawn Jones,Slim_J12
Nicolas Claxton,_claxton33
Jackie Carmichael,Jackie_C32
Scottie Lindsey,ScottieLindsey
Jonathan Stark,jonathanstark02
Skylar Mays,skylarmays4
Amath M'Baye,Amath22Juice
Ismaila Kane,ladsame1997
Travis Wear,traviswear
Raid Mahalbai,RasidMahalbasic
Terrance Ferguson,Fergskii
Didi Louzada,Didi
Abdoulaye N'Doye,Ndoye_11
Aaron Craft,ACraft4
Rodney Green,rodneygreen10
Nuni Omot,nuniomot21
Mitchell Watt,mitchell_watt
Tyler Lydon,Tyler_Lydon14
Brandon Austin,Jumpman_BA
Jordan Henriquez,TooTall2KnoSo1
Anejs Paseiks,AnzejsP
Devin Davis,DevDavis15
Alex Oriakhi,aoriakhi42
C.J. Leslie,ncsu_cleslie
Phillip Carr,PhilippeChow_
Eloy Vargas,EVargas30
Kyle Kuzma,kylekuzma
Taren Sullivan,sullyballer1423
Liam McMorrow,TheLiamMcMorrow
Pierre Jackson,PAPPYGAWD
Billy Garrett,BGarrett_5
Dennis Schrder,DennisMike93
Max Kouguere,MaxOnTwitter
Talen Horton-Tucker,Thortontucker
Zeke Marshall,Ziggy_Marsh
Jeff Coby,JC40A3
Davon Reed,ClutchREED_5
Isaac Humphries,IsaacHumphries7
Donte Ingram,kingram_0
Lamar Stevens,LamarStevens11
Brock Motum,brockm12
Scott Wood,ScottWood15
C.J. Anderson,cjanderson_23
Tarik Black,TarikBlack25
Kenny Kadji,KadjiKenneth
Ivan Rabb,YoungIvee
Tremont Waters,WatersTremont
Brady Heslip,bradyheslip
Jonah Bolden,Jonahbolden43
Jalen McDaniels,jalenmcdaniels5
Killian Tillie,KillianTillie
DJ Hogg,Dj_hogg1
Tim Frazier,Timfraz23
D.J. Seeley,vitaminDseeley
John Petrucelli,John_Petrucelli
ngel Rodrguez,angel13pr
Christian Watford,Cwat205
Raphiael Putney,RRPUTNEY3
Jaylen Hands,JHANDS08
Abdul Gaddy,Gaddy253_
Tyler Dorsey,TDORSEY_1
Jordan Bone,JordanBone23
Kevin Sraphin,french_savage
Kalin Lucas,Kjay24k
Durand Scott,durand_scott
William Lee,Haha34lee1
Miye Oni,PrinceOni13
Vit Krejci,v_krejci
Canyon Barry,cbarry719
Justinian Jessup,justinian_10
Akil Mitchell,ajmitchell25
Anthony Marshall,ANT_MARZ3
Demetrius Denzel-Dyson,DenzelDyson22
Brandon Triche,BrandonTriche
Roscoe Smith,scoesh0w
Sterling Brown,thatnegus_sb
Jerel McNeal,jerel_mcneal
Ike Anigbogu,IkePostrs_
Tornike Shengelia,TokoShengelia23
Zach Andrews,21zachandrews
Sindarius Thornwell,Sin_City_803
Sean Kilpatrick,SeanKilpatrick
Charlie Brown,charleskbrownjr
Zabian Dowdell,zayrd1
lex Abrines,alexabrines
Mathias Lessort,ThiasLsf
Lance Goulbourne,Lg5live
Monte Morris,BigGameTae
Anthony Edwards,theantedwards_
Kadeem Allen,AllenKadeem
John Konchar,konchjitty55
Jae'Sean Tate,o_tate_
Arsalan Kazemi,kazemiworld
O.D. Anosike,Anosike_1
Alec Peters,petersalec
Kris Wilkes,kadw31
Joffrey Lauvergne,1JOLOLO
Jabari Bird,Jabari_Bird
Louis King,SweetLouu2
Xavier Silas,XavierSilas
Deshaun Thomas,Deshaunthomas_0
Laurence Bowers,LBowers_21
Garret Siler,Big_G_21
Gerald Robinson,GRJR22
Jaron Blossomgame,JaronBgame
Jnis Timma,janis_timma
Robert Franks,RoBo_22
Sean Singletary,SeanSingletary
Travis Releford,T_2releFOUR
Zach Norvell,ZachN_23
Luke Kornet,bigshin32
Furkan Aldemir,furkanaldemir19
Scott Suggs,scottro15
Josh Reaves,jreaves23
Devin Ebanks,DevinEbanks3
Tomislav Zubi,TomislavZubcic7
Clint Chapman,ChapFTW
Michael Young,Showwtimee2
Tyler Cook,iamtc25
lkan Karaman,ilknkrmn
Jordan Taylor,JMTaylor11
Jeremy Morgan,jmodashow20
Marcus Denmon,MizzouMonster12
Milo Teodosi,MilosTeodosic4
Aric Holman,AricHolman
Andrew Lawrence,Adrlawrence
Cameron Oliver,SpaceCamm
Maurice Sutton,LordSuttonJr
Jalen Moore,JalenMoore14
Junior Cadougan,JRwontLOSE
Jerry Smith,JSmith_8
Mike Bruesewitz,mbruesewitz31
JeQuan Lewis,thatlewiskid1
Dakota Mathias,DMathias31
Bronson Koenig,BronsonK_24
Travis Leslie,FlightLeslie23
Nolan Smith,NdotSmitty
Dexter Strickland,BadenJaxen_
Dedric Lawson,DSmoove1_2many
Scoop Jardine,scoopjardine
Devin Robinson,drob7nson
Kim English,Englishscope24
Antonio Blakeney,blakeney96
Donta Hall,_DatBoi05
Hassani Gravett,BestThingSince_
Latavious Williams,taybowl_
Ricky Harris,RickyHarris5
Isaiah Miles,freakyzeke_32
Keydren Clark,KeydrenClark
Patrick Ewing,pewingjr6
Brandon Paul,BP3
Kennedy Meeks,Asapmeeks03
Jakeenan Gant,JakeenanG23
Christian Eyenga,christeyenga31
Sergio Llull,23Llull
Thomas Abercrombie,tomabo10
Matt Williams,1mattwill2
Festus Ezeli,festus
Jake Cohen,jacohen15
Derrick Walton,DerrickWalton10
Shaun Livingston,ShaunLivingston
Jeremiah Martin,4k_Jeremiah
Trent Lockett,T_Lockett24
Landry Nnoko,landry_nnoko
Josh Perkins,JoshPerk13
C.J. Aiken,cjaiken01
Will Clyburn,Da_Thrill21
Gian Clavell,clavelito04
Justin Robinson,5Alive_
Olu Ashaolu,O_Ash
Kyle Randall,KRandy_12
Mangok Mathiang,M_Mango32
Kavell Bigby-Williams,Kavell6ft11
Kyle Barone,KB33_
Alade Aminu,Aminu_34
Charles Cooke,c4_cooke
Darius Bazley,BazleyDarius
T.J. Williams,GogettaTJWill
Luke Maye,luke_maye
Jonathan Bender,jonathanbender9
Vince Hunter,2easy32
Isaiah Hicks,IDHicks
Marcelo Huertas,Huertas09
Milton Doyle,MDLU35
Phil Booth,Philb_5
Scott Machado,_ScottMachado
Jeremy Senglin,Jsenglin_30
Shamorie Ponds,ShamorieP
Glen Dandridge,GD25
Vernon Macklin,vernon_macklin
Georgios Printezis,pripripri15
Stanton Kidd,StantonKidd11
Stephen Dennis,SDennis14
Nick Wiggins,Wiggys__WORLD
V.J. Beachem,VJBeachem
Amar'e Stoudemire,Amareisreal
Jon Horford,Jon_Horford
Jacob Wiley,Jwiley_24
Josh Hall,jay5mula
Nnanna Egwu,egwu_32
Ben Moore,JaminTheFiend
C.J. Harris,cjharris11
Jordan Sibert,Smooth_Jordan
Nen,NeneHilario42
Andrew White,AndrewWhite03
Nigel Hayes,NIGEL_HAYES
Todd Withers,DatDude_Todd
Stephen Jackson,DaTrillStak5
Jamel Artis,melartis1
Daulton Hommes,dchommes
Michael Holyfield,holybigfella
Troy Caupain,caupain10
Alex Robinson,arob25_
Cenk Akyol,cenkakyol
Xavier Rathan-Mayes,xrm_22
Vanja Marinkovi,vanjam32
Dan Nwaelele,DanielNwaelele
London Perrantes,London_Tyus
L.J. Peak,ljpeak1
Devin Sweetney,DSweetney1
James Blackmon,JBlackmon2
Earl Monroe,EarlThePearl_15
Tyler Cavanaugh,tycav34
Juwan Morgan,juwanmorgan
Matt Jones,matt9jones
Chamberlain Oguchi,ChampOguchi
Edgar Sosa,Edgarsosa10
Trey McKinney-Jones,TreyMJ04
Terence Davis,TerenceDavisJr
Jermaine O'Neal,jermaineoneal
Alexandre Paranhos,paranhos_24
Jermaine Taylor,jtaylor8ball
Corey Webster,cwebster9
Isaiah Briscoe,ZayBriscoe
Will Cummings,willcummings_
Peter Jok,Jok_City14
Lamar Peters,headshotpeters_
Matt Pressey,M_Pressive3
Denzel Livingston,denzel_trey10
Armoni Brooks,snipabrooks_
Justin Simon,simon_Says_so
Dennis Rodman,dennisrodman
Elijah Millsap,Elijah_Millsap
Chris Walker,kingsky23
Marques Bolden,MarquesB__
Issuf Sanon,SanonIssuf
Jordan Bachynski,BLOCKchynski
Terry Henderson,t_henny3
Jay Scrubb,jayscrubb
Talib Zanna,TalibZanna
Jaylen Johnson,JayGlooo10
Angelo Sharpless,Lo_Tatted
JaJuan Johnson,JaJuanJohnson
Marko Simonovic,simke12
Mychel Thompson,MychelThompson
Drew Crawford,TheRealDrewski1
Tre Kelley,TreKel1ey
Michael Snaer,MichaelSnaer21
Richard Solomon,richxsolo3
Greg Whittington,Built4Bucketz
Jordan Mathews,JordanMathews22
Chace Stanback,ChaceStanback
C.J. Fair,cjfair
Luke Petrasek,Luke_Petrasek
Lindell Wigginton,Lwigginton5
Juwan Staten,JuwanStaten3
Amida Brimah,amidabrimah
Moses Brown,MosesBrown_
Chris Crawford,clutchcrawford3
Bryce Alford,balford20
Mirza Teletovi,Teletovic33
Travis Trice,Ttrice20
Rashawn Thomas,Sobeastly_25
Jordan Murphy,jordanmurphy24
Hedo Trkolu,hidoturkoglu15
Youssou Ndoye,yndoye35
JaCorey Williams,_JWilliams22
Perrion Callandret,Perriontf
Keifer Sykes,ksykesyb
Taylor Braun,taylorbraun2324
Bryce Brown,Bwb_2
Charlie Westbrook,C_Westbrook1
Michael Qualls,Mr_WALKONAIR
John Bohannon,johnbohannon21
Ding Yanyuhang,OfficialDing8
Dez Wells,_DezWells
B.J. Young,bjyoung_money11
Sam Thompson,SlamIAm12
LaDontae Henton,HentonBuckets23
Rade Zagorac,zagorac_rade
Alexis Ajina,AjincaAlexis42
Jason Washburn,jaywash42
Rodney Purvis,Gpurvooo
Javon Bess,Jb_Bizzle
Mirza Begi,BegicMirzaBM
Torian Graham,Torian_Graham
Keljin Blevins,KBlevs02
Stanley Johnson,iAmSJ
Briante Weber,Sir_deuce2
Daniel Dixon,Mr_HeatCheck
Norense Odiase,kingno_
J.R. Giddens,JGidd4
Chris Udofia,dofboyfresh34
Kamari Murphy,21__louie
Yudai Baba,yudai_baba
Julian Washburn,smoothlikeju
Tahjere McCall,215tahj
Simisola Shittu,LanX_Sims
C.J. Miles,masfresco
Mike Cobbins,The1_MikeCobbs
Yannis Morin,YannisMorin
Eric Atkins,EAtkins0
Isaac Hamilton,Isaacham_10
Morris Almond,FreeMoAlmond
Alando Tucker,DoeTuck
Devin Booker,DevinBook
Davion Berry,DavionBerry
Alan Williams,alantwilliams
Kelly Oubre Jr.,KELLYOUBREJR
Xavier Munford,xaviermunford
Derek Willis,derekxwillis
Courtney Fells,Papi_Fells
Trevor Thompson,TrevBallinTrey2
Rashad Vaughn,ShowtimeMr1
Tidjan Keita,KTidjan
Jeremy Tyler,jeremytyler3
Kendall Pollard,__KP
Marcin Gortat,MGortat
Jerian Grant,JerianGrant
Ike Iroegbu,Be_LikeIKE
Marc Loving,lovingthegame32
Beno Udrih,BenoUdrih1
Justin Anderson,JusAnderson1
Yakuba Ouattara,yakubaouattara
Shaq Buchanan,ShaqLeroy
Rondae Hollis-Jefferson,IAmCHAP24
Walt Lemon Jr.,WaltLemon
Jarell Martin,MartinJarell
Jaylen Morris,jay_morris30
Donatas Motiejnas,DonatasMot
Nikola Milutinov,NMilutinov
Taurean Prince,taureanprince
mer Ak,AsikOmer
Georgios Papagiannis,G_P_06
Dont Greene,dontegreeneCOS
Chris McCullough,briskuno
Anderson Varejo,VAREJAOANDERSON
Kevon Looney,Loon_Rebel5
Guerschon Yabusele,DTP_Mario
Wade Baldwin,The_Fourth_Wade
Jaren Jackson Jr.,jarenjacksonjr
Taylor Griffin,tgriff32
Henry Ellenson,HenryEllenson13
Gustavo Ayn,Gustavo_Ayon15
Kevin Murphy,KMurph_55
Jordan Mickey,Jmickey_02
Jan Vesel,JanVesely24
Anthony Brown,TwoShotOne
DeAndre' Bembry,fearthefro95
Hamed Haddadi,HamedHaddadi15
Rakeem Christmas,R_Xmas25
Malachi Richardson,KingMali23
Kevin Knox,KevKnox
Botjan Nachbar,BokiNachbar
Ante ii,Ante__Zizic
Darrun Hilliard,DHilliard6X
Edy Tavares,waltertavares22
Andrea Bargnani,AndreaBargnani
Sasha Vujai,SashaVujacic
Josh Richardson,J_Rich1
Brice Johnson,bjohnson_23
Jerome Robinson,Rome_Coldbucks1
Joe Young,JoeyBuckets3
Michael Porter Jr.,MPJr
Andrew Harrison,DrewRoc5
Zhaire Smith,zhaire_smith
Donte DiVincenzo,Divincenzo
Artras Gudaitis,GudaitisAG
Deyonta Davis,DeyontaDavis_04
Dakari Johnson,DakariJohnson
Ben Hansbrough,bhans23
Aaron White,Aaron_White30
Cheick Diallo,cheick_diallo13
David Kramer,K7davidK
Tyler Ulis,tulis3
Tyler Harvey,YoungTRaaw
Chandler Hutchison,CmoHutchison
Satnam Singh,hellosatnam
Chinanu Onuaku,chinanu_onuaku
Aaron Holiday,The_4th_Holiday
Bol Bol,BolBol
Justin Harper,Tru_Harp32
Patrick McCaw,PMcCaw0
Anfernee Simons,AnferneeSimons
Justin James,1JustinJames
Dani Dez,danidiez11
Ahmed Hill,MED_XIII
Kyle Weaver,kyleweaver5
Cady Lalanne,Lac25_
Diamond Stone,Diamond_Stone33
Sagaba Konate,sagaba50
Stephen Zimmerman,BIGG_ZIMM
Lucas Nogueira,Bebe92
Martell Webster,MartellWebster
Nikola Radievi,nikoradicevic
J.P. Tokoto,AirPierreTokoto
Zhou Qi,officialzhouqi
Danan Musa,DzMusa
Terrel Harris,T_Harris87
Sonny Weems,Sonny13
Isaa Cordinier,izaycordinier
Omari Spellman,Omarispellman
Luka Mitrovi,mitar_mitar9
Demetrius Jackson,D_Jay11
Ryan Boatright,Ryanboatright11
Paul Zipser,paulzzip
Keith Benson,RealKITO
Michael Gbinije,mikegbinije
Ben Bentil,benbentil
Charles Oakley,CharlesOakley34
D.J. White,dj_white3
Maurice Ndour,Mauricendure
Joel Bolomboy,Bolomboy21
Bobby Brown,BBROWNLAU
Joe Chealey,jace_emmanuel_
Jeffrey Carroll,JeffCarrollJr
Tre Jones,Tre3Jones
Vernon Carey Jr.,vernoncarey22
Nico Mannion,niccolomannion
Cassius Stanley,cassius_stanley
Jahmi'us Ramsey,newanimprovedJR
Ty-Shon Alexander,5Tyshon
Lamine Diane,laminediane35
Kristian Doolittle,kristiandoolit1
Devon Dotson,d_dotson1
Paul Eboua,paul_eboua
Malik Fitts,MalikFitts
B.J. Johnson,Bean_J20
Jordan Ford,jordan_ford_
Josh Green,JoshBGreen
Ashton Hagans,H23Ash
Jalen Harris,TheJalenHarris
Nate Hinton,thatup_coming14
Anthony Lamb,AnthonyMLamb
Kevin Porter Jr.,Kevinporterjr
Naji Marshall,MarshallNaji
Sam Merrill,smerrill05
Jordan Nwora,JordanNwora
Reggie Perry,_R1bang_
Aleksej Pokusevski,aleksejpokusevs
Trevelin Queen,trev_up
Paul Reed,Bball_paul
Nick Richards,iamnickrichards
Grant Riller,grantriller97
Dwayne Sutton,DwayneSutton
Tyrell Terry,tyterry05
Tres Tinkle,tres_tinkle3
Kaleb Wesson,Elite_Hooper99
Kahlil Whitney,KahlilWhitney
Cassius Winston,cassiuswinston
Robert Woodard,Raw2512
Freddie Gillespie,freddieg_33
Zavier Simpson,Xaviersimpson3
Omer Yurtseven,OmerYurtseven5
Nate Darling,natedarling14
Jake Toolson,jtoolgoinham
Melo Trimble,TrimbleMelo
Amile Jefferson,AmileJefferson
Ben Wallace,FearTheFro
Melvin Frazier,melvinjrrr
Alaa Abdelnaby,alaatweets
Kareem Abdul-Jabbar,kaj33
Shareef Abdur-Rahim,ShareefAbdur_R
Quincy Acy,QuincyAcy
Jalen Adams,ja4hunnid
Jordan Adams,jordanadams1231
Jeff Adrien,Adrien4
Maurice Ager,moeager
Danny Ainge,danielrainge
Santi Aldama,santialdama
Cole Aldrich,colea45
Lavoy Allen,chefVOYardee
Malik Allen,THEleekAllen30
Ray Allen,greenRAYn20
Tony Allen,aa000G9
Jose Alvarado,AlvaradoJose15
John Amaechi,JohnAmaechi
Lou Amundson,LouAmundson17
Alan Anderson,ASqared06
Kenny Anderson,chibbs_1
Kyle Anderson,KyleAnderson5
Greg Anthony,GregAnthony50
Robert Archibald,RobertArchibald
Gilbert Arenas,agentzeroshow
Trevor Ariza,TrevorAriza
B.J. Armstrong,bjarmstrong
Metta World Peace,MettaWorldPeace
Darrell Arthur,DarrellArthur00
Brandon Ashley,_Bash21
Joel Ayayi,joel_ayayi
Kelenna Azubuike,KAzubuike7
Udoka Azubuike,TimUdoka
Luke Babbitt,Realbabbitt08
Renaldo Balkman,R_Balkman32
LiAngelo Ball,LiAngeloBall
Dalano Banton,DALANOBANTON
Matt Barnes,Matt_Barnes22
Earl Barron,earldee
Brent Barry,Barryathree
Rick Barry,Rick24Barry
Shane Battier,ShaneBattier
Jerryd Bayless,jerrydbayless
Elgin Baylor,theelginbaylor
Kent Bazemore,24Bazemore
Michael Beasley,Michael8easley
Juhann Begarin,BegarinJuhann
Charlie Bell,flintstone14
Troy Bell,TroyBellS2P
Anthony Bennett,AnthonyBennett
Tyler Bey,Tbeeyy
Chauncey Billups,1MrBigShot
DeJuan Blair,DeJuan45
Steve Blake,SteveBlake5
Vander Blue,veezy_SQ
Trevon Bluiett,TrevonBluiett
Bennie Boatwright,benniebuckets__
Muggsy Bogues,MuggsyBogues
Andrew Bogut,andrewbogut
Matt Bonner,MattBonner_SAS
Trevor Booker,35_Fitz
Carlos Boozer,MisterCbooz
Chris Bosh,chrisbosh
Jordan Bowden,_iamjbow
Bruce Bowen,Bowen12
Ryan Bowen,rybo40
Corey Brewer,TheCoreyBrewer
Ronnie Brewer,RonnieBrewerJr
Aaron Brooks,Thirty2zero
MarShon Brooks,Marshon2
Alec Brown,AlecBrown21
Dee Brown,deebrown11
Jabari Brown,Bari_BrownIDF
Lorenzo Brown,Zo_Brown
Markel Brown,iMarkelBrown22
Elijah Bryant,Elijah_Bryant3
Kobe Bryant,kobebryant
Chase Budinger,CBudinger
Trey Burke,TreyBurke
Antonio Burks,antonioburks
Scott Burrell,sburrell24
Caron Butler,realtuffjuice
Rasual Butler,RasualButler45
Dwight Buycks,BizzleWorld20
Michael Cage,Exhoopsmc
Nick Calathes,Nick_Calathes15
Jos Caldern,JmCalderon
Marcus Camby,MarcusCamby23
Facundo Campazzo,facucampazzo
Isaiah Canaan,SiP03
Devin Cannady,devin_cannady3
Brian Cardinal,BrianCardinal
Antoine Carr,AntoineCarr55
Austin Carr,MrCavalier34
Matt Carroll,matt13carroll
Ahmad Caver,MAHDTHAGOD
Cedric Ceballos,cedceballos
Mario Chalmers,mchalmers15
Rex Chapman,RexChapman
Josh Childress,JChillin
Yoeli Childs,yochilds22
Doug Christie,TheDougChristie
Dionte Christmas,Dchristmas22
Semaj Christon,SemajChriston
Ian Clark,IanClark
Speedy Claxton,speeddeamon
Mateen Cleaves,Mateen_Cleaves
Derrick Coleman,44TheLegend
Jarron Collins,jarronctwin
Darren Collison,Darren_Collison
Nick Collison,nickcollison4
Will Conroy,CHILLCONROY
Keandre Cook,_Drecook
Michael Cooper,ShowtimeCooper
DeMarcus Cousins,boogiecousins
Anthony Cowan Jr.,AnthonyCowanJr
Allen Crabbe,allencrabbe
Jamal Crawford,JCrossover
Jordan Crawford,jcraw55
Austin Croshere,AustinCroshere
John Crotty,JohnCrottyHEAT
Dante Cunningham,DlamarC33
Jared Cunningham,J1Flight
Eddy Curry,Eddy_Curry
DeAndre Daniels,D_Daniels2
Marquis Daniels,Marquis_Daniels
Gigi Datome,GigiDatome
Baron Davis,BaronDavis
Glen Davis,iambigbaby11
Austin Daye,Adaye5
Vinny Del Negro,VinnyDHoops
Javin DeLaurier,javind_12
Carlos Delfino,cabezadelfino
Luol Deng,LuolDeng9
Boris Diaw,theborisdiaw
DeSagana Diop,sagana7
Vlade Divac,bgoodvlade
Jeff Dowtin,JeffD_11
David Duke,daviddukejr
Ronald Dupree,RDupree12
Cleanthony Early,Clearly_BallLyf
Mark Eaton,markeaton7ft4
Kessler Edwards,KesslerEdwards
Sean Elliott,seanelliott_32
Perry Ellis,PElliz
Alex English,AlexEnglish_2
Tyler Ennis,TylerEnnis
Julius Erving,JuliusErving
Jeremy Evans,JeremyEvans40
Reggie Evans,ReggieEvans30
Tyreke Evans,TyrekeEvans
Kenneth Faried,KennethFaried35
Carrick Felix,CarrickFelixIMC
Raymond Felton,RFeltonGBMS
Rudy Fernndez,rudy5fernandez
Landry Fields,landryfields
Michael Finley,MichaelFinley
Derek Fisher,derekfisher
Malachi Flynn,malachiflynn
T.J. Ford,tj_ford
Rick Fox,RickFox
Randy Foye,randyfoye
Adonal Foyle,afoyle3131
Steve Francis,SteveFranchise3
Walt Frazier,WaltFrazier
Jimmer Fredette,jimmerfredette
Channing Frye,channingfrye
Dan Gadzuric,DGadzuric
Kevin Garnett,KevinGarnett5KG
Diante Garrett,kingarrett10
Marcus Garrett,ImMarcusGarrett
Pau Gasol,paugasol
Alonzo Gee,GeeAlonzo
Daniel Gibson,BooBysWorld1
Kendall Gill,kendallg13
Romaro Gill,romarogill1994
Artis Gilmore,ArtisGilmore53
Manu Ginbili,manuginobili
Ryan Gomes,GotGomes
Drew Gooden,DrewGooden
Jordan Goodwin,JGood_0
Danny Granger,dgranger33
Brian Grant,bwgrant
Horace Grant,horacegrant54
A.C. Green,NBA_Ironman
Tyler Hall,tyler_hall1
Jordan Hamilton,J_Goin_HAM
Justin Hamilton,Justin__41
Richard Hamilton,ripcityhamilton
Rayshaun Hammonds,shaun_coolin
Tyler Hansbrough,THANS50
Travis Hansen,travishansen24
Anfernee Hardaway,Iam1Cent
Tim Hardaway,HardawaySr
Derek Harper,D_Harp_12
Ron Harper,HARPER04_5
Matt Harpring,mharpring15
Josh Harrellson,BigJorts55
Al Harrington,cheddahcheese7
Devin Harris,Dev34Harris
Elias Harris,EliasJMHarris
Kevon Harris,_kevonn22
Manny Harris,313MannyHarris
Mike Harris,TheRealMH33
Sam Hauser,Big_Smooth10
Spencer Hawes,spencerhawes00
Chuck Hayes,c_hayes44
Spencer Haywood,SpencerHaywood
Gerald Henderson,GhJr09
Aaron Henry,hennny11
Xavier Henry,XavierHenry
Chris Herren,c_herren
Roy Hibbert,Roy_Meets_World
Grant Hill,realgranthill33
Julius Hodge,Follow24Hodge
Fred Hoiberg,ISUMayor32
Lionel Hollins,LionelHollins14
Ryan Hollins,TheRyanHollins
Michael Holton,mdhhoops
Caleb Homesley,get_buckets05
Allan Houston,ALLAN_HOUSTON
Juwan Howard,JuwanHoward
Josh Huestis,jhuestis
Jay Huff,jayhuff_
Robbie Hummel,RobbieHummel
Kris Humphries,KrisHumphries
Bobby Hurley,BobbyHurley11
Matthew Hurt,HurtMatthew
Bones Hyland,BizzyBones11
Andre Iguodala,andre
Kyrie Irving,KyrieIrving
Allen Iverson,alleniverson
Royal Ivey,ROYALTIVEY
Jarrett Jack,Jarrettjack03
Bobby Jackson,TheBobbyJackson
Jim Jackson,jimjackson419
Mark Jackson,MarkJackson13
Bernard James,BernardJame5
Mike James,mikejames7
DeJon Jarreau,LaDeeky
Cory Jefferson,CoryJay34
John Jenkins,JohnnyCashVU23
Eddie Johnson,Jumpshot8
Joe Johnson,TheJoeJohnson7
Kevin Johnson,KJ_MayorJohnson
Magic Johnson,MagicJohnson
Marques Johnson,olskool888
Orlando Johnson,OrlandoVJohnson
Reggie Johnson,Regg_42
Wesley Johnson,WesJohnson4
Nikola Joki,JokicNikola15
Dahntay Jones,dahntay1
Damon Jones,D19J
Perry Jones,Perry_Jones1
Terrence Jones,TerrenceJones1
Chris Kaman,ChrisKaman
Kylor Kelley,K3LL3Y24
Ryan Kelly,RyanKelly34
Greg Kelser,gkelser32
Tim Kempton,SunsTK
Steve Kerr,SteveKerr
Jason Kidd,RealJasonKidd
Stacey King,Stacey21King
Brevin Knight,brevinknight22
Bala Koprivica,balsa_koprivica
Kosta Koufos,kostakoufos
Christian Laettner,laettnerbball
Doron Lamb,DLamb20
Jock Landale,JockLandale
Shane Larkin,ShaneLarkin_3
A.J. Lawson,ItsAJLawson
Ty Lawson,TyLawson3
David Lee,Dlee042
Jon Leuer,JonLeuer30
DeAndre Liggins,Dreliggs34
Jeremy Lin,JLin7
Isaiah Livers,isaiah__02
Brook Lopez,RealBrookLopez
John Lucas,JLEnterprises
John Lucas III,Luke1luk
Shelvin Mack,ShelvinMack
Mark Madsen,madsen_mark
Corey Maggette,Corey_Maggette
Will Magnay,MagnayWill
Dan Majerle,DanMajerle
Karl Malone,TheDeliverer_32
Karim Man,KarimMane_
Danny Manning,coachdmanning
Devyn Marble,DevMarble
Stephon Marbury,StarburyMarbury
Shawn Marion,matrix31
Donyell Marshall,Dmarsh42
Kendall Marshall,KButter5
Cartier Martin,CartierMartin
Kenyon Martin,KenyonMartinSr
Kenyon Martin Jr.,kj__martin
Jamal Mashburn,jamalmashburn
Roger Mason,MoneyMase
Charles Matthews,1CMatthews
Jason Maxiell,JasonMaxiell
Vernon Maxwell,vernonmaxwell11
Sean May,BigMay42
Eric Maynor,EMaynor3
Luc Mbah a Moute,mbahamoute
James Michael McAdoo,jamesmcadoo
Ray McCallum,RayMac3
Tim McCormick,TimMcCormick40
K.J. McDaniels,KJMcDaniels
Hank McDowell,Skinnypalmer
Mitch McGary,mitchmcgary
Tracy McGrady,Real_T_Mac
Jim McIlvaine,JimMcIlvaine
Kevin McKenna,coachkmc3
JaQuori McLaughlin,Jroc__3
Josh McRoberts,JoshMcRoberts11
Jodie Meeks,Jmeeks20
Mike Miller,MikeMiller_13
Quincy Miller,qmillertime
Reggie Miller,ReggieMillerTNT
Terry Mills,terrymills_
Yao Ming,YaoMing
Nikola Miroti,NikolaMirotic33
Sam Mitchell,SamMitchellNBA
Tony Mitchell,tmitch_5
Nazr Mohammed,NazrMohammed
Greg Monroe,M10OSE
E.J. Montgomery,EJMontgomery23
Moses Moody,mosesmoody
Darius Morris,dariusmorris4
Anthony Morrow,MrAnthonyMorrow
Arnett Moultrie,amoultrie
Shabazz Muhammad,ShabazzMuhammad
Ade Murkey,0_murk
Tracy Murray,RealTracyMurray
Toure' Murry,toure_murry
Mike Muscala,mikemuscala
Dikembe Mutombo,officialmutombo
Hamady N'Diaye,H55ndiaye
Steve Nash,SteveNash
Jameer Nelson,jameernelson
Johnny Newman,jnewNBA
Andrew Nicholson,nicholaf44
Daishen Nix,djfromveg
Norm Nixon,NormNixon
Andrs Nocioni,SoyElChapu
Steve Novak,stevenovak16
Dirk Nowitzki,swish41
James Nunnally,allornunn21
Patrick O'Bryant,13POB13
Shaquille O'Neal,SHAQ
Lamar Odom,RealLamarOdom
Emeka Okafor,BigMek50
Mehmet Okur,MehmetOkur13
Hakeem Olajuwon,DR34M
E.J. Onu,ej35_
Arinze Onuaku,arinze_onuaku
Daniel Orton,danielorton21
Jannero Pargo,jpargo1
Anthony Parker,_AnthonyParker
Jabari Parker,JabariParker
Tony Parker,tonyparker
Chandler Parsons,ChandlerParsons
Devonte Patterson,DPattersonn
Lamar Patterson,LP21_
Adreian Payne,Adreian_Payne
Elfrid Payton,elfrid
Gary Payton,GaryPayton
Elijah Pemberton,ElijahPemberto1
Will Perdue,Will_Perdue32
Jim Petersen,JimPeteHoops
Morris Peterson,mopete24
Filip Petruev,PetrusevFilip
Jamorko Pickett,JamorkoP1
Paul Pierce,paulpierce34
Scottie Pippen,ScottiePippen
Miles Plumlee,milesplumlee13
Olden Polynice,OldenPolynice1
Quincy Pondexter,QuincyPondexter
Otto Porter,OttoPorter
Leon Powe,Leon_Powe
Josh Powell,JP21Reasons
Phil Pressey,philpressey
A.J. Price,realAJPrice
Mark Price,Mark25Price
Laron Profit,Profit4eva
Neemias Queta,nemi1599
Anthony Randolph,TheARandolph
Zach Randolph,MacBo50
Theo Ratliff,shotblocker42
Leo Rautins,LeoRautins
J.J. Redick,jj_redick
Glen Rice,glenrice41
Jason Richardson,jrich23
Quentin Richardson,QRich
Mitch Richmond,MitchRichmond23
Doc Rivers,DocRivers
Clifford Robinson,UncleCliffy30
David Robinson,DavidtheAdmiral
Nate Robinson,nate_robinson
Thomas Robinson,Trobinson0
Glenn Robinson III,GRIII
Sergio Rodrguez,SergioRodriguez
Jalen Rose,jalenrose
Quinton Rose,qrose_3
Brandon Rush,BRush_25
Kareem Rush,kareemrush
Bill Russell,realbillrussell
Bryon Russell,BRuss3
Robert Sacre,Bobby_Sacre
John Salley,thejohnsalley
Larry Sanders,l8show_thegoat
Brian Scalabrine,Scalabrine
Detlef Schrempf,Dschrempf
Luis Scola,LScola4
Dennis Scott,dennis3dscott
Tre Scott,trescott13
Alperen engn,alperennsengun
Ramon Sessions,SessionsRamon
Nate Sestina,NateSestina23
Iman Shumpert,imanshumpert
Bobby Simmons,bobbysimmons21
Aamir Simms,EarlShmitty_
Henry Sims,H_Sims14
Kyle Singler,KyleSingler
Chris Singleton,C_SING31
Peyton Siva,PeypeySiva3
Tamar Slay,slay9
Donald Sloan,dsloan15
Chris Smith,SCS599
Craig Smith,Csmeezy1
Greg Smith,Ju_Smith4
J.R. Smith,TheRealJRSmith
Jason Smith,JasonSmith014
Joe Smith,JoeBeast95
Kenny Smith,TheJetOnTNT
Steve Smith,steve21smith
Tony Smith,AnalystTSmith34
Xavier Sneed,Luh_Sneed
Tony Snell,TonySnell21_
Marreese Speights,Mospeights16
Tiago Splitter,tiagosplitter
Larry Spriggs,spriggy35
Jerry Stackhouse,jerrystackhouse
Terence Stansbury,360StatueofLibe
John Starks,StarksTheDunk
Nik Stauskas,NStauskas11
Lance Stephenson,StephensonLance
DJ Steward,swipasnipa
D. J. Stewart Jr.,djstewart187
Greg Stiemsma,gregstiemsma
Jarnell Stokes,JarnellStokes
Julyan Stone,Julyan_Stone
Rod Strickland,rod_strickland
Jared Sullinger,Jared_Sully0
Wally Szczerbiak,wallyball
Chris Taft,BlessedTaft
Terry Taylor,TerryTaylor21
Tyshawn Taylor,tyshawntaylor
MaCio Teague,_MrDoWork
Marquis Teague,marquisteague25
Sebastian Telfair,BassyS31T
Jason Terry,jasonterry31
Jon Teske,JonTeske
Hasheem Thabeet,HasheemTheDream
Xavier Thames,Xthames2
Reggie Theus,ReggieTheus
Adonis Thomas,AllDayThomas
Brodric Thomas,TheReal__BT3
Isaiah Thomas,isaiahthomas
Isiah Thomas,IsiahThomas
Ethan Thompson,_ethanthompson5
Jason Thompson,jtthekid
Mychal Thompson,champagnennuts
JT Thor,thorrjt
Al Thornton,AThornton14
Marcus Thornton,OfficialMT23
Jamaal Tinsley,jatinsley
Ronny Turiaf,Ronny_Turiaf
Breein Tyree,Breeintyree
Ekpe Udoh,EkpeUdoh
Nick Van Exel,vanexel31
Jarvis Varnado,RealSwat32
Greivis Vsquez,greivisvasquez
Christian Vital,I_AMCV
Dwyane Wade,DwyaneWade
Von Wafer,vonwafer13
Ishmail Wainright,Wainright24
Antoine Walker,WalkerAntoine8
M.J. Walker,Mjwalker_23
Bill Walton,BillWalton
Hakim Warrick,hdubb21
Duane Washington Jr.,dwizthekid4
Trendon Watford,trendonw
C.J. Watson,quietstorm_32
Earl Watson,Earl_Watson
Maalik Wayns,MaalikWayns2
Chris Webber,realchriswebber
Bonzi Wells,BonziWells
Bill Wennington,34billy42
David West,D_West30
Delonte West,delontewest
Mark West,mwest41
Aaron Wiggins,Aaron_Wiggins_
C.J. Wilcox,UCjwilcox23W
Damien Wilkins,dwilkins3000
Dominique Wilkins,DWilkins21
Deron Williams,DeronWilliams
Derrick Williams,DWXXIII
Elliot Williams,ewill901
Jay Williams,RealJayWilliams
Jerome Williams,JunkYardDogJW
Mo Williams,mowilliams
Reggie Williams,reggiew55
Shelden Williams,SheldenWilliams
Jeff Withey,JeffWithey
Nate Wolters,NateWolters
James Worthy,JamesWorthy42
Brandan Wright,bwright34
Chris Wright,flyght33wright
Dorell Wright,DWRIGHTWAY1
McKinley Wright IV,kin_wright25
Tony Wroten,TWroten_LOE
James Young,realjamesyoung
Nick Young,NickSwagyPYoung
Marcus Zegarowski,MZegarowski
