name,screen_name,location,description,url,followers_count,friends_count,listed_count,created_at,favourites_count,statuses_count,id
Franz Wagner,franzboogie,,Chasing dreams. IG: @franz_weasley,https://t.co/dZBVa7l56E,6983,28,57,2021-06-13 21:33:02,3,6,1404190041648242688
Patrick Williams,patricklw4,,"stay humble, keep it neutral. â™Ÿ",https://t.co/NYLkY6PfzE,23897,31,108,2020-11-12 22:23:51,31,37,1327014184953921537
Malcolm Brogdon,MalcolmBrogdon7,,Impact-Driven Leader | Professional Athlete | Founder of @brogdonfamfnd,https://t.co/rBmkawfDVi,13697,157,122,2020-06-24 16:13:35,532,220,1275824260091719682
Chris Duarte,C_Duarte5,"Eugene, OR",Oregon Basketball #5,,7507,146,44,2019-08-07 23:44:05,6555,485,1159248879914835970
josh giddey,joshgiddey,,"6â€™9 point guard, Oklahoma City Thunder",,17214,47,60,2019-07-15 03:48:08,277,83,1150612989399093248
Rayjon Tucker,th3flighttuck,,#BTO COME FLY WITH ME ğŸš€ Gram: @Th3flight â€œTrust and believe Datâ€â€” I float ğŸ•´ğŸ½,,7761,173,60,2019-07-04 06:22:10,1403,1596,1146665484210884608
Dj Augustin,augustinDj14,,Entrepreneur~Point Guard ğŸ€ ~ IG: @Djaugustin ~ https://t.co/jx7LDnQLoa,https://t.co/YIJpaTvsxV,4681,75,72,2019-06-30 18:51:32,152,212,1145404516684226562
De'Andre Hunter,DreHunter,,RIP Dad,,14474,33,174,2019-04-20 22:39:44,22,125,1119732410223079424
ty Jerome,tyjerome_,,,,19222,77,190,2019-04-12 16:15:40,1059,393,1116736652960047105
Alperen,alperennsengun,TÃ¼rkiye,Official Twitter account of #AlperenÅengÃ¼n Professional basketball player at @houstonrockets and @tbf. Business and communication: @sagatise,,32891,32,59,2019-03-02 11:29:58,204,53,1101806852034232320
Tyrese Haliburton,TyHaliburton22,"Oshkosh, WI",To Him be the glory forever. Rese.ETH. BAYC #8409,,47040,224,216,2019-02-28 02:32:07,1055,634,1100946718693224448
Collin 'Young Bull' Sexton,CollinSexton02,,#MoveWithAPurpose,https://t.co/cGbTp3MvCN,46150,19,176,2019-01-07 16:22:10,105,217,1082311439694659584
Daquan Jeffries,daquanjeffries2,,Professional Basketball Player ğŸ€ University of TULSA ğŸ“ ğŸ‘»daquanmj19,,1374,58,29,2018-12-26 17:24:01,267,206,1077978352567361536
Usman Garuba Alari,Usmangaruba,19200,@houstonrocketsğŸ€ @baloncestoespğŸ‡ªğŸ‡¸ @adidas_esğŸ‘Ÿ,,19763,197,115,2018-11-28 10:18:04,671,180,1067724298603892736
Boban Marjanovic,BobanMarjanovic,"Dallas, TX","This is the O F F I C I A L Twitter account of Boban â€œBobiâ€ Marjanovic aka The man, the myth, the legend #YoureWelcome",,105295,142,461,2018-08-21 18:13:52,103,197,1031967637561954304
Jevon Carter (Bulldog),nextlevel_03,"Maywood, IL",Brooklyn Nets ğŸ€ #NBA #WVUAlumniğŸ€ #ProvisoEast #NLP #Maywood #Illinois R.I.P. Grandma-Granddadâ¤ï¸,,25526,170,177,2018-06-26 16:26:55,2101,1508,1011647002776670209
Mikal Bridges,mikal_bridges,"Malvern, PA",Sometimes i hoop ... https://t.co/krkb8SElBb,,39886,311,303,2018-05-09 21:58:11,1423,1343,994335752312979463
Devonte Graham,Devonte4Graham,United States,Raleighhhhhh !!! KUCMBğŸ’ğŸ’ğŸ’ğŸ’ Love Life & Cherish those around you ğŸ™ğŸ¾â¤ï¸ğŸ’¯ #BELI4VE,,32184,157,179,2018-05-02 19:07:27,531,1394,991756067938840577
Vlatko ÄŒanÄar,CancarVlatko,,Basketball player.,,3660,55,67,2018-03-18 21:25:03,475,138,975483243972751363
Mario Hezonja,mariohezonja,,"A mindset claimed by many, but endured by very few.",https://t.co/TNtuhnVrYf,28901,0,194,2018-03-09 17:02:01,51,4151,972155558907252736
Ishmael Smith,IshSmith,"Charlotte, NC",PG for The Charlotte Hornets #BUZZCITY,,5018,57,111,2017-10-30 16:02:13,84,53,925030084276301830
Juan Toscano Anderson,juanonjuan10,,Marquette alum | Seleccion ğŸ‡²ğŸ‡½,,65297,598,189,2017-10-24 20:10:03,1716,4109,922918128543289349
Charles Bassey,CB_ONES23,"Bowling Green, KY",https://t.co/yFMuBuXPe8,https://t.co/svW7lJYMET,4214,197,22,2017-10-18 23:11:20,15739,1916,920789423951884289
Terance Mann,terance_mann,"Tallahassee, FL","Lowell, Ma ğŸ“Brooklyn, NyğŸ“ğŸ‡±ğŸ‡¨",,20824,198,143,2017-10-17 02:09:31,1774,1896,920109486899105792
Elie Okobo,ElieOkobo_0,"Lyon, France","NÃ© Ã  Bordeaux, meneur de jeu formÃ© @EBPLO / Point Guard @LDLCASVEL. International ğŸ‡«ğŸ‡· U20 (ğŸ¥‰ au #FIBAU20EUROPE â€˜17) & senior (7 sel.)",,9693,244,132,2017-09-25 14:11:45,235,264,912318708734922754
Justin Champagnie,JusChampagnie,United States,,,2685,124,17,2017-07-21 13:31:04,431,160,888390873196752897
Maxi Kleber,MaxiKleber,"Dallas, TX",#42 Dallas Mavericks | Following my dream ğŸ€ | WÃ¼rzburg â¡ï¸ Dallas | Instagram: https://t.co/vBiKbJjpvt,https://t.co/hX3rn1eJHd,15502,74,231,2017-07-20 22:20:07,295,28,888161623155896321
Joshua Primo,JoshuaPrimo4,"Mississauga, Ontario",Chasing Something.. ğŸ“ˆâ€¼ï¸ ig: josh.primoo,,8966,62,50,2017-06-27 03:09:42,70,58,879537192573562881
Jonathan Kuminga ğŸ‡¨ğŸ‡©,JonathanKuming6,"Miami, FL",,https://t.co/228xoVT5KY,23767,6,98,2017-05-29 18:39:28,1223,536,869261925615640577
Isaiah JacksonğŸŒ´Black ChaldeanğŸ‘³ğŸ½â€â™‚ï¸,IJackson22,"Pontiac, MI",222           Indiana pacerğŸ’›ğŸ’™  BBN5LğŸ’™,,14097,152,68,2017-04-24 21:01:16,1805,709,856614037735559168
Chris Boucher,chrisboucher,,Chris Boucher | IG: @slimmduck Toronto Raptors We The North #25,,26555,42,188,2017-04-12 17:08:16,293,229,852206745070051328
Kevin Hervey,kherv_25,817,ğŸ’ğŸ€ Bologna ğŸ¤ğŸ–¤ . Firm believer in ChristğŸ™ğŸ¾ . Blessed .,https://t.co/t46bamLZX0,2536,261,40,2017-04-07 18:52:34,4947,1926,850421055030255616
Johnathan Motley,Moneymot5,,"#MTPT3 Apply Pressure!!!!!! #HTXğŸ¤˜ğŸ¾

LOKO#6ğŸš‚",,3514,131,83,2017-03-09 01:51:06,806,646,839654747539980289
Luka Å amaniÄ‡,SamanicLuka,,BLESSED ğŸ™ğŸ»,https://t.co/2RDvbmrAiM,10418,71,124,2017-02-14 15:22:57,1052,341,831524135847211008
Isaac Bonga,isaacbonga,"Washington, DC",Washington Wizards,,8475,69,145,2017-01-20 15:41:29,99,72,822469101620723717
Tre Mann,tre2mann3,"Florida, USA",work until you no longer have to introduce your self ğŸ˜¤ğŸ€,,13788,102,34,2017-01-19 00:34:18,748,690,821878412382007296
Greg Brown,gb3elite,"Austin, TX","ğŸ¦” #HedgeHogFam 
Portland TrailBlazers Forward #4 ğŸ€#RipCity",https://t.co/KSQLfcI5A1,20140,95,50,2016-12-22 02:32:54,16844,14820,811761399647059968
Lance Thomas,MrLance42,"New York, NY","NBA Veteran, Avid Angler, #XRP",https://t.co/faqKp9WMZk,5225,498,117,2016-12-11 02:26:20,381,96,807773480821395456
Zhaire,zhaire_smith,"Garland, TX",IG: @zhaire_smith,https://t.co/GrjnSPQ8ns,22469,1056,177,2016-11-24 23:22:49,160,63,801929093092671488
Moses,mosesmoody,,,,24748,168,101,2016-11-22 05:32:39,2797,1691,800935000896053248
Dario Saric,dariosaric,,Official Twitter page of Dario Å ariÄ‡ Croatian basketball player for the Phoenix Suns.,https://t.co/grKYy0ywEz,32720,27,409,2016-11-11 19:05:31,1,10,797153299287998464
Mo Bamba,TheRealMoBamba,"Orlando, FL",#MagicAboveAll ğŸ’«,https://t.co/UrV6zbaDym,37804,137,208,2016-10-26 01:37:13,581,453,791091279580889089
QuetÃ£oğŸ”¥,nemi1599,"Logan, UT",Handing out coffee since 99ğŸ—£,https://t.co/tR0t8WosP6,31412,685,44,2016-10-02 08:06:01,10620,12500,782491815689785344
Thomas Bryant,nolimittb31,,This is the real nolimittb AKA TB Hendrix ğŸ’¯ IUBB for life!!!,,32034,116,277,2016-09-18 00:01:32,745,341,777296457980260353
Sheldon Mac,sheldonmacc,,,,3230,10,44,2016-09-13 02:20:28,7,1973,775519484048277504
KingLouğŸ‘‘,LouisKing,,Dreams Do Come TrueğŸ’« MoniWorld ğŸ‘¼ğŸ¿,,5938,85,43,2016-09-12 00:01:11,706,601,775122046007336960
Frank Ntilikina,FrankLikina,"Strasbourg, France",@nyknicks Guard From ğŸ‡«ğŸ‡·,https://t.co/bUPmvqel2N,85424,369,508,2016-09-03 20:08:06,722,569,772164285388709888
Khyri Thomas,Khyri_2,"Omaha, NE",Keep God First.ğŸ–¤,,6285,0,76,2016-08-30 23:03:14,5,153,770758806355660800
JJJ,jarenjacksonjr,Hidden Leaf,MUCH REQUIRED,,147554,238,551,2016-07-15 03:26:45,2918,1756,753792894486675457
Gabe Nnamdi Vincent,iamgabevincent2,"Miami, FL",Miami Heat Guard. ğŸ”¥ğŸ‡ºğŸ‡¸ğŸ‡³ğŸ‡¬ Santa Barbara Alum â€˜18.,https://t.co/dWliW5ANro,7686,583,34,2016-06-28 07:33:57,16125,8400,747694509035753472
RJ,RjHampton14,"Little Elm, TX",Texas Forever,,70699,244,156,2016-05-27 03:51:53,1118,6619,736042213138796546
Cody Martin,cody_martin15,Instagram: cody_martin15,1. God 2. Family 3. Basketball ğŸ™ğŸ½ {Stay Hungry Stay Humble } #RIP JLevel âœï¸GBNF,https://t.co/F90KFebg1m,5314,82,65,2016-04-28 18:57:44,230,174,725760931616165889
Kris Dunn,KrisDunn3,,,,46222,86,311,2016-04-21 19:22:17,419,513,723230392787046401
James Wiseman,BigTicket_JW,,1x USA Gold MedalistğŸ…ğŸ‡ºğŸ‡¸ | IG: Bigticket_j13 | Always Keep God FirstğŸ™ğŸ¾â˜ğŸ¾| Ephesians 3:20 | Stay Humble and Keep the FaithğŸ™ğŸ¾,,59571,408,251,2016-04-14 00:17:42,2668,1036,720405636182216704
Kenny Wooten,kennywootenjr,,,https://t.co/Q28OPHj9tc,13577,0,62,2016-04-13 04:58:06,3836,339,720113809910808580
Nigel Williams-Goss,NigelWG5,"Spokane, WA","Donâ€™t forget, â€œComparison is the thief of joy.â€",https://t.co/4PEoycCm4h,11404,185,128,2016-04-11 17:07:14,3257,2060,719572526628638722
Cade Cunningham,CadeCunningham_,,"Arlington, Texas",,70121,160,148,2016-04-07 21:41:10,2953,1733,718191913468211201
Ziaire Williams,therealZiaire,"Lancaster, CA",humble. blessed.,,15417,93,52,2016-04-03 00:13:16,679,409,716418252277059585
THOR,thorrjt,"Rage City, Ak",JT Thor ğŸ‡¸ğŸ‡¸âœğŸ¿ Hooper ğŸ’¸ â€¢Auburn Universityâ€¢,,4220,276,24,2016-03-03 19:59:46,2536,449,705482820064415744
TP,taureanprince,gym ,#2 | Father | Creator ğŸ¼ ğŸ–¤ğŸ¯,,14114,96,183,2016-02-29 03:16:05,2033,4991,704143071248658432
Jalen GreenğŸ¤,JalenGreen,,"4, 559ğŸ , JG4ğŸŒ",,143957,8,142,2016-02-22 01:08:16,1100,1145,701574192781602816
Isaiah Todd,zaytodd,,,,16688,249,45,2016-02-20 23:29:58,2195,3756,701187065711616000
De'Aaron Fox,swipathefox,Somewhere on planet Vegeta,#TIWID,https://t.co/JUvxsAU2C6,281379,132,762,2016-02-11 00:54:48,187,846,4890418741
Avery Bradley,Avery0Bradley,,TX Longhorn. #0 SG Boston Celtics. Instagram: @averybradleycamps,https://t.co/M3AbU8k45l,3488,64,54,2016-01-23 21:56:07,30,54,4839997276
Rodney Hood,rodneyhood,"Milwaukee, WI",Milwaukee Bucks #FearTheDeer,,48084,682,308,2016-01-31 02:44:16,68,107,4837832648
Rui â€œLouisâ€ Hachimura å…«æ‘ å¡,rui_8mura,,"Black Samurai
Pride in my roots. Pride in my culture.
Washington Wizard. Gonzaga Bulldog. Meisei High School (Sendai). Okuda Junior High School (Toyama).",https://t.co/DtvmD83nCq,216824,153,958,2016-01-23 10:29:03,243,598,4802352444
Mitchell Robinson,23savage____,"New Orleans, LA",WE THE SOUTH NOT BACKING DOWN FROM NOBODY ğŸ¤˜ğŸ¾,https://t.co/RLIgUQsujT,50055,2391,389,2016-01-09 23:56:22,1779,923,4759046009
Corey Kispert,corey_kispert,,Philippians 1:20   Business Inquiries Contact: brianm@prioritysports.biz,,9785,508,72,2016-01-03 05:28:12,4333,588,4700775859
Keon Johnson,iamkeonjohnson,"Shelbyville, TN",931 Born and Raised,,9435,30,42,2015-11-01 19:25:42,1415,715,4093936519
Brandon Goodwin,goodysav,,,https://t.co/OQNypXO1mr,8472,76,84,2015-10-29 16:09:45,5146,5508,4068844265
Daniel Theis,dtheis10,,"@HoustonRockets ğŸš€ | @NBA ğŸ‡ºğŸ‡¸ | @DBB_Basketball ğŸ‡©ğŸ‡ª | No. 2ï¸âƒ£7ï¸âƒ£ | Salzgitter, Germany ğŸ ",https://t.co/5LrBfthVZD,52669,218,405,2015-10-26 07:40:18,1969,1380,4044682379
Cole Anthony,The_ColeAnthony,"Orlando, FL",Orlando Magic PG,https://t.co/IuGBFQs8TN,72464,386,210,2015-10-19 17:38:37,3374,2243,3996123136
Isaiah Hartenstein,Ipjh55,,"Player for the Houston Rockets  Hometown: Eugene, Oregon Nike athlete German national team",https://t.co/wBVSvV5tbH,5416,41,112,2015-10-03 20:54:23,170,110,3855639340
Deandre Ayton,DeandreAyton,"Arizona, USA",In Jesus Name I Play! ğŸ™ğŸ¾ #242ToDaWorld Global Brand Ambassador @pumahoops,,115665,41,569,2015-10-01 14:51:41,1679,960,3834430036
Nemanja Bjelica,NemanjaBjelica,"Minnesota, USA",Basketball player for the Sacramento Kings and Serbian National Team.,https://t.co/1ILm2XjWJ2,40367,113,278,2015-09-18 10:08:27,190,238,3695411717
Dorian Finney-Smith,doefinney_10,,6'8 Sniper,,14402,185,205,2015-09-10 21:20:19,288,225,3613501949
Scott Barnes,ScottBarnes561,"West Palm Beach, FL",|3x Gold MedalistğŸ…| 2x State Champion | Donâ€™t get outworked| AMOSC: @Saucelyfe1,https://t.co/XGDqXGEfWN,26868,107,61,2015-09-13 03:45:45,820,260,3545045053
Brandon Boston Jr,bboston_,,|#LackOfWorries|,,28857,364,74,2015-08-16 22:06:33,1744,1207,3426779775
Precious Achiuwa,PreciousAchiuwa,"New York, USA",only the violent will survive #WHATIF,,28572,87,128,2015-08-14 18:20:22,554,342,3422695780
Jalen Lecque,jalenlecque10,New York ğŸ˜ˆ,NBAğŸ‘€,,26841,231,82,2015-07-28 16:25:05,643,388,3392241687
Zion Williamson,Zionwilliamson,,"Nothing is Given, Everything is Earned",,477405,319,1200,2015-07-19 21:27:26,2396,863,3383587455
Romeo Langford,yeahyeah22,,Celticâ˜˜ï¸,,57852,166,292,2015-07-12 03:42:35,4996,5093,3371792158
Bruno Fernando,BrunoFernandoMV,,ğŸ‡¦ğŸ‡´PurposeOverPopularityğŸ‡¦ğŸ‡´   ğŸ¤ğŸ•Š,,21469,579,135,2015-07-12 04:30:59,2579,1803,3371781221
Dayron sharpe,dayron_sharpe,,Greenville 2ï¸âƒ£5ï¸âƒ£2ï¸âƒ£,,5042,42,53,2015-07-03 00:37:48,265,225,3355932731
Immanuel Jaylen Quickley,IQ_GodSon,"Havre de Grace, MD",#IQ5 | #NewYorkForever | @KentuckyMbb | 2019-20 SEC POY | God 1st | @USABasketball 17uğŸ¥‡19uğŸ¥‰ | ğŸ‘»Eman0.3 | @JCPatriotsHoops | @TheTeamBBC | @ROcNationSportsğŸ’,https://t.co/wZO2MLE31Y,80668,570,307,2015-07-01 13:48:42,4590,4490,3353240464
Sekou Doumbouya,sekou_doums,"OrlÃ©ans, France",CaptainCook #45 ğŸ€ Detroit Pistons /// 3-stripes family,,25308,168,108,2015-06-15 20:51:25,622,178,3327978010
Sharife Cooper,SharifeCooper,the gym,SC2 ğŸ’§ For Business inquiries Contact:  @LifeStyleSportsAgency  Email:  omarcooper@lifestylesportsagency.com,,65322,192,62,2015-06-13 18:12:49,1958,2216,3323463010
James Bouknight,jam3s210,,,,10739,91,72,2015-06-04 17:22:29,1275,633,3308384151
Ignas Brazdeikis,_iggy_braz,,DON ğŸ,,24114,594,208,2015-06-03 19:20:53,1135,1435,3307421506
Cedi Osman,cediosman,"Cleveland, OH",#TheFirstCedi | Cleveland Cavaliers & Turkish National Team | For business and communication inquiries: @possiblesft,https://t.co/NVWXg7EPMT,379053,112,380,2015-06-01 14:44:36,318,877,3305641571
Evan Mobley,evanmobley,,|Compton magic| CaliforniağŸ”¥|USC Trojan | League Bound,,19196,561,88,2015-07-20 20:58:57,2394,1838,3285850261
JR.,charleskbrownjr,"Philadelphia, PA",Never confuse activity for work. #nolimit,,1429,61,23,2015-05-07 23:57:20,3095,6229,3241195881
Abdel Nader,AbdelNader2,"Egypt-Chicago, ğŸŒµâ˜€ï¸ Phoenix",Guard/Forward for the Phoenix Suns â›¹ğŸ½â€â™‚ï¸,https://t.co/n0jEeHXuhe,18432,99,177,2015-05-28 14:31:02,873,476,3228860910
Isaiah Whitehead,isaiahwhitehead,,â›¹ğŸ¿,,9305,137,115,2015-05-01 19:14:22,1198,2853,3226710995
Timothe Luwawu C,timcabs,,Believe in yourself (A) https://t.co/cUaGAZBWkWâ€¦,,25181,103,283,2015-05-01 18:03:23,186,247,3226630966
Delon Wright,delonwright,,ğŸ“¸ Instagram: DelonWright,,33713,59,328,2015-05-25 08:01:36,790,1095,3225971468
Jaden Springer,jadenspringer11,,,,13493,28,50,2015-05-19 01:05:23,492,126,3219844094
Chasson Randle,ChassonRandle,,,,5543,76,63,2015-05-13 18:35:31,1730,221,3194567322
Kev,KevKnox,"New York, USA",Instagram: kknox_23 SC: kevinknox_23 Inquiriesâœ‰ï¸ kevinknox@7x.media,https://t.co/fB6gvPRa1Q,88361,504,506,2015-04-19 22:32:56,3153,2667,3184977160
Jamal Murray,BeMore27,"Denver, USA",Guard For The Denver NuggetsğŸ¹ğŸ¯ #BeMore,,253130,153,880,2015-04-19 18:15:30,1484,1032,3184000707
Ja Morant,JaMorant,,#KaariJ #LLT #beneathnoone #trainedtogo,https://t.co/XiVF6YfK8f,1286278,486,1417,2015-04-14 02:15:23,16360,9457,3165563219
Hov,AllenKadeem,,"Instagram: Kadeemallen5
Snapchat: airzona_20",,3647,121,66,2015-04-12 16:38:34,153,401,3151757401
Jontay Porter,JontayPorter,,,,17278,27,75,2015-04-03 18:30:41,7093,1172,3137291923
Cam Thomas,24_camthomas,"Brooklyn, NY",Brooklyn Nets ğŸ—½ğŸ–¤,,7724,166,30,2015-04-03 11:41:01,1031,856,3135356688
Kevin Yogi Ferrell,YogiFerrell11,,Hardwork is Undefeated. The Journey Is Everything. Hoosier.,,34216,429,216,2015-03-24 17:25:27,372,930,3110903289
Garrison Mathews,gmathews_24,,,,3219,469,53,2015-03-22 01:12:00,4663,1622,3103332430
Jaylen Hoard,JaylenHoard,,,https://t.co/B4dgxwXs0x,4025,91,70,2015-03-21 17:33:12,4040,2263,3102250683
Jakob Poeltl,JakobPoeltl,,,,1585,0,47,2015-03-20 03:03:09,0,0,3098308942
Ivica Zubac,ivicazubac,"Los Angeles, CA",,https://t.co/WRuR45VtGN,113802,137,572,2015-03-09 14:48:11,875,491,3081680043
Jaxson Hayes,hayes_jaxson,"Cincinnati, OH",||Texas Men's Basketball ||  #Sideshowjax,,16364,582,132,2015-03-09 00:33:55,2208,1005,3080699645
Alexander â€œSandroâ€ Mamukelashvili,Mamukelashvili5,"New Jersey, USA",Big East POY Instagram: Ma23Mu,https://t.co/sor1kddgDs,5987,139,35,2015-03-08 21:55:27,1577,1946,3080415491
Sirâ€™Dominic Pointer,Sirdom1,"Las Vegas, NV ",family man| entrepreneur on the raise | stocks ğŸ“ˆ | pro ball player,,2470,0,42,2015-03-06 02:10:07,589,520,3073974659
kz okpala,kz_okpala_,,ig: kzokpala. #JCPğŸŠ,,3365,0,47,2015-02-22 03:07:04,253,29,3051672376
whitecoby2,CobyWhite,,Be YouğŸ–¤,,65394,840,336,2015-03-01 01:24:40,2476,2971,3051555746
Mfiondu Kabengele,Mfiondu,LA,,,6131,120,100,2015-02-21 04:13:28,15914,1626,3048710452
James Johnson,IamJJ16,"Dallas, TX",The Official Twitter of James Johnson #16,,26430,122,270,2015-02-20 23:09:20,285,494,3033470114
Nickeil Alexander-Walker,NickeilAW,"New Orleans, LA",Pelican | Hokie | Canadian | His will my story...,,13510,284,172,2015-02-04 09:14:03,1389,2942,3016871537
Bazley,BazleyDarius,,On Da Humble.,,20343,407,144,2015-02-02 02:13:03,1943,1450,3011471122
Emmanuel Mudiay,emmanuelmudiay,,This is the Official Twitter of Emmanuel Mudiay. Giving God all the glory!,https://t.co/Lhx62kXiM3,37705,287,436,2015-01-28 21:38:53,1156,1329,2999826306
G Scott Lewis,Scottie23L,"New Jersey, USA",Black Lives Matter is the minimum People before players Black by popular demand United we stand divided we fall How can we love ?,,11079,517,35,2015-01-22 21:58:36,4556,1154,2993048559
Naz Reid,NazReid,"New Jersey, USA",TheNazReidâ„¢ | LongLiveMyBrotherMoni1ğŸ‘¼ğŸ½ #Rosellecatholicâ€™18 #LsuBasketballğŸ¯,https://t.co/lHeS2OJIb2,7188,439,26,2015-01-21 13:48:43,1290,2376,2989872975
DG ğŸ’ªğŸ¾,Dan_G33,United States,Big Man Dan. Keeping God First always. â€œIf you want to succeed as much as you want to breath...then youâ€™ll be successful.â€ #BeADawG ğŸ˜¤ğŸ˜¤,https://t.co/hrPjHNECw4,22267,4246,105,2015-01-15 01:05:07,8762,2802,2979138789
Jeremiah Robinson-Earl,JCREarl,,All limitations are self imposed.,,6629,64,38,2015-01-01 22:44:05,774,235,2955618033
Derrick Jones Jr.,TheRea1DJones,"Chester, PA",Official Derrick Jones Jr. | #RebelForLife #1,https://t.co/nfFbTq85yB,32001,195,254,2014-12-30 23:55:05,780,678,2952137993
Luguentz Dort ğŸ‡­ğŸ‡¹,luthebeast,,Montreal-North Made MeğŸ”´| ğŸ”±///âš¡ï¸| OKC Thunder,,31246,411,150,2014-12-29 21:02:43,3376,1371,2949958191
Jalen Johnson,Jalen_J23,"Milwaukee, WI",6â€™9â€ ğŸ€ â€˜20,,22523,126,67,2014-12-26 19:58:01,3256,1670,2944276021
M11es McBride,deucemcb11,"Cincinnati, OH",Moeller HS â¡ï¸WVUâ¡ï¸KnicksğŸ€ Ig~deucemcb11,,18347,540,88,2014-12-26 02:26:00,11964,2885,2941668388
Trey Murphy III,Treymurphyiii,,For media requests/business inquires email zkidd@excelsm.com,https://t.co/HuVOe5PFBO,4965,552,37,2014-12-16 15:23:10,4875,2075,2925188224
Jarrell Brantley,jstuntbrantley,"Chasing Dreams, Trusting God","No Fear, Just Faith ğŸ™ğŸ¾",https://t.co/PX5gROtA08,4959,330,79,2014-12-12 15:59:21,6100,5384,2917863321
Damyean Dotson ğŸ,wholeteamDot,"Houston, TX",Official Page for Damyean Dotson SG #21 ğŸ®#twitch PSN: WholeteamDot #WHOLETEAM #RIPFINNğŸ•Šâ¤ï¸ #CJâ™¥ï¸,https://t.co/2qEVfpH8CX,15944,536,222,2014-11-10 00:49:32,2965,5654,2895135060
Shai Gilgeous-Alexander,shaiglalex,"Oklahoma City, OK",official twitter page of @okcthunder guard Shai Gilgeous-Alexander instagram - shai #bbn,,109409,251,576,2014-10-23 16:21:53,1604,1137,2873604528
Trae Young,TheTraeYoung,"Atlanta, GA",Point Guard for the Atlanta Hawks               Trae Young 1. Coming in 2021. ğŸ‘Ÿ,,1183788,113,1475,2014-10-07 01:18:38,10456,8719,2842841126
Marvin Bagley III,MB3FIVE,"Phoenix, AZ",@pumahoops Ambassador â€¢ @3fiveent  music / features : lex@onebrand.agency   #JREAM â€¢ #PVOâ€¢ Proverbs 17:24â€¢ #TEAMUS,https://t.co/aMm1ROYFUf,93384,3333,470,2014-09-08 01:40:47,2318,1973,2797019768
Svi Mykhailiuk,Sviat_10,,KUCMB,,46714,131,227,2014-08-25 13:44:39,829,385,2766430999
RaiQuan Gray,Tgray4,,@brooklynnets,,3983,905,28,2014-07-15 05:39:58,6509,12888,2712067985
Tyler Johnson,Pusha650,,"Brooklyn love 
Namaste my people",,24599,132,285,2014-07-14 16:08:06,379,522,2645857315
Caris LeVert,CarisLeVert,"Indianapolis, IN",My brother's keeper @mr_levert45 #614,,52175,347,364,2014-06-19 20:21:06,2102,482,2623831606
Kawhi Leonard,kawhileonard,,,,476030,6,1627,2014-06-23 16:04:00,0,4,2584213500
Shabazz Napier,ShabazzNapier,,H I U,,56583,44,381,2014-06-19 17:40:46,0,126,2577244423
Nassir Little,2ez_nassie,FL,Silent Assassin. #solo 904/ 407 Long Live Tommy,https://t.co/fMfIzpoCau,41596,413,240,2014-05-22 21:41:41,10963,9535,2516401399
Bruno Caboclo,Bruno_Caboclo,Nunca Mexa,Professional Basketball player âš¡ğŸš€,,34751,133,298,2014-04-28 16:20:30,349,442,2515059460
Hamidou Diallo,hamidoudiallo,"New York, NY",,https://t.co/GFAMdQMlCd,67007,304,286,2014-04-28 02:17:15,2075,1046,2513781202
Kira Lewis Jr.,kiralewisjr,,#LongLiveUncleBootsâ™¥ï¸ğŸ™ğŸ¾ #getitbyanymeansğŸ’¯ğŸ’¯,,14454,615,78,2014-05-19 00:23:40,1023,3120,2505882546
JR23,jreaves23,,IG: jareaves23 | DM(V),,3397,490,38,2014-04-28 23:51:01,4510,2962,2468429875
Tyrese Maxey,TyreseMaxey,,ğŸ™‚ğŸ™‚,https://t.co/c4gwTJOUgU,70370,344,253,2014-04-19 15:53:41,7912,7354,2453367787
Dwight Powell,DwightPowell33,,Forward For The Dallas Mavericks,,15885,221,323,2014-04-15 07:16:22,103,94,2445047678
Nikola Vucevic,NikolaVucevic,"Chicago, IL",Center for the Chicago Bulls #9 | USC Trojans | For inquiries : clapray@bdasports.com,,139903,367,633,2014-04-02 02:58:56,1307,1920,2423100775
Scoot,Kevinporterjr,,City of Poker â™ ï¸| Black Joker ğŸƒ | Scoot ğŸ€ | Roc âœ‹ğŸ½ğŸ¤šğŸ½ğŸ | H-TOWN ğŸš€,,61658,364,124,2014-03-27 04:48:38,1938,1632,2413645688
Josh Jackson,j_josh11,,"R.I.P Coach Al, In Jesus name I play #OTF #FOE KUCMB ğŸ’ªğŸ¾ğŸ€ KU ğŸ”µğŸ”´",,58646,514,390,2014-03-15 06:37:11,982,1726,2412019869
Dragan Bender,DBender03,"Phoenix,AZ",,https://t.co/iowPQp8i3f,8233,23,152,2014-03-14 16:17:36,521,410,2410504335
Bogdan Bogdanovic,LeaderOfHorde,"Atlanta, GA",#13,https://t.co/BXIrJnk18c,280880,386,619,2014-03-05 12:18:39,9679,1902,2385272859
IsaacOkoro,isaacokoro303,"Powder Springs, GA",1x Gold Medalists  2 Chronicles 15:7 ğŸ™ğŸ¾Business Inquiries Contact: @LSASPORTSAGENCY  LSA@LifeStyleSportsAgency.Com,,30637,193,132,2014-03-02 03:34:39,1548,1686,2368216597
Tj Leaf,leafsquad22,,San Diego | To God Be The Glory | Indiana Pacers | IG:Leafsquad *Fashion Pioneer*,https://t.co/iZFAnTb9YM,20338,514,190,2014-02-24 12:57:32,3334,1379,2359470157
Tyler Herro,raf_tyler,"Miami, FL",Miami Heat Guard,,325881,246,671,2014-02-19 23:01:42,13273,2895,2352361094
Matisse Thybulle,MatisseThybulle,,SIXERS | My life #22 | IG: theycallmetisse,https://t.co/PZwmjjGYOL,85817,153,454,2014-02-06 19:08:08,3168,1280,2330719896
Kostas Antetokounmpo,Kostas_ante13,Unknow ,ğŸ¦i am my fathers legacy ğŸ¦,,84767,53,305,2014-02-05 13:34:22,588,494,2328804703
Josh(ua) Christopher,Jaygup23,,A masterpiece and a work in progress ! ! HOOPER/designer sometimes,,89777,681,88,2014-02-01 05:33:00,6406,9831,2321821272
Kai Jones,242_jones,The gym,The world of Bobby! ğŸ™ğŸ½ğŸ‡§ğŸ‡¸,https://t.co/0BiFhXMeYm,6404,603,0,2014-01-21 22:57:28,21823,2783,2296356569
Clax,_claxton33,"Greenville, SC",,,11442,276,107,2014-01-12 04:19:39,3308,439,2287613209
Quentin Grimes,qdotgrimes,"Houston, TX",Instagram/Snapchat: @qdotgrimes | @UHCougarMBk â¡ï¸ @nyknicks,,27336,323,134,2014-01-12 03:13:28,10532,4743,2287541508
Giannis Ugo Antetokounmpo,Giannis_An34,Milwaukee WI,"""It's beauty in the struggle, ugliness in the success."" ğŸ‡³ğŸ‡¬xğŸ‡¬ğŸ‡· Iâ€™m Me and Iâ€™m ok with ME.",,1940258,6,3045,2014-01-07 00:29:14,2690,1510,2279776304
BizzyğŸŒŸ,BizzyBones11,,TresssiGngğŸ‘ŒğŸ½ #BigBs                        Denver Nuggets Point Guard #MileHighBaby,,15447,627,44,2014-01-12 06:03:43,6575,6709,2276214167
Talen,Thortontucker,"Uptown, Chicago",#5 |âœŒğŸ¾ã€½ï¸#LongLiveSaieed,,80062,847,321,2014-01-02 07:55:58,12752,21047,2272672902
Elhadji T Fall,tackofall99,,La vie est belle,https://t.co/yaNwRzpTy6,63146,511,242,2013-12-28 05:55:24,3168,1240,2247507575
Javonte Green,2Xtremebounce,"Chicago, IL",A Chicago Bull #KhloeKylieKai,,13349,962,130,2013-12-10 16:33:07,1589,5672,2239445641
Jonas Valanciunas,JValanciunas,"From Utena, Lithuania",NBA player for @PelicansNBA | #17 ğŸ‡±ğŸ‡¹,,176495,146,0,2013-12-02 21:48:34,378,301,2227318080
Obi Toppin,obitoppin1,,,,37519,437,230,2013-12-12 18:13:44,6310,1574,2221922403
Franklin Jackson,FWJackson15,,,,21396,672,149,2013-11-27 22:45:36,1642,1147,2218539384
Lord Nu,lifeofnanu_32,,Official Twitter of Chinanu Onuaku UofL Alumni RiP DAD!,,4534,382,68,2013-11-21 04:13:35,6309,3930,2206332702
Davion Mitchell,hoopculture13,,Baylor University basketball | LexğŸ’š,https://t.co/wmMa3evSPQ,14972,599,65,2013-11-30 21:40:33,4010,6208,2202306567
chuma okeke,chuma_okeke,,IG Chumaokeke_,https://t.co/j7iDGKf70x,14927,459,94,2013-11-17 20:09:43,4491,4918,2200131510
NicolÃ² Melli,NikMelli,"Dallas, TX",Made and raised in ğŸ‡®ğŸ‡¹ -Played in ğŸ‡®ğŸ‡¹ğŸ‡©ğŸ‡ªğŸ‡¹ğŸ‡·ğŸ‡ºğŸ‡¸ - Currently in Milano - Adidas Athlete ğŸ€ - Proud Girl Dad ğŸ¦©- ğŸ“© nikmellimkt@gmail.com,,37739,195,216,2013-11-09 16:52:03,1636,548,2174694339
Jonathan Isaac,JJudahIsaac,,This is me!! This is Judah!! || #MagicAboveAll,https://t.co/3vXwd8SJQp,66544,318,287,2013-11-08 02:38:25,5948,6265,2172852233
TJ McConnell,TJMcConnell,"Indianapolis, IN",Former Point Guard for the University of Arizona. Playing for the Indiana Pacers #beardown #pacernation,,54765,606,435,2013-10-08 19:13:35,2331,907,1947772669
Big Tymah,JaylenNowell,,BULLDOGS ğŸ¶ | HUSKIES ğŸº | WOLVES ğŸº,,7203,164,74,2013-09-06 07:24:19,5122,1478,1734299208
Luke Kennard,LukeKennard5,,LA CLIPPERS | DUKE BASKETBALL | Romans 8:28 | Instagram: Lukekennard5,,90294,364,349,2013-08-28 23:17:22,9476,4077,1708510310
klay thompson,KlayThompson,,"Shooting guard, Golden State Warriors",,1517643,252,3025,2013-08-27 03:58:56,66,595,1703636814
Matt Mooney,MoonSwag13,TBD,Believer. Romans 1:16-17. USD Alum. Texas Tech â€˜19. TBD ğŸ™ğŸ¼,https://t.co/Z3yA9Oi4uG,17431,1135,32,2013-08-25 03:22:30,13220,2358,1698032726
Damian Jones,dameology,,6'2'' on a good day,,24500,500,235,2013-08-20 05:50:21,3301,1317,1684946220
Marial Shayok,MarialShayok,,â³,https://t.co/WXgb0lERuZ,12047,332,140,2013-08-11 01:39:15,3133,1085,1661383603
ï¸Jacob Evans III,JacobEvans_1,My Own World,#BeGreat A kid from Baton Rouge,,13608,720,118,2013-07-31 22:34:27,9828,13604,1636579147
JeremiahMartin,4k_Jeremiah,Andre Tunner arena ,Point Guard for University of Memphis #3 #4k #NLMB,https://t.co/ZKqL2VuJJc,6514,329,45,2013-07-30 16:05:42,1562,8624,1633258016
Juancho Hernangomez,juanchiviris41,,Afortunado. Ir llegando a los objetivos para alcanzar los sueÃ±os FFG! IG:juanchiviris41,https://t.co/rny4xYDgXG,44513,556,383,2013-07-28 18:39:34,16472,2117,1628495018
Jared Butler,J_Hooper11,,Believer. Utah Jazz Guard                         National Champ,https://t.co/nSwYgVxL0m,12218,746,55,2013-07-21 17:43:02,4686,3276,1611022940
Clint Capela,CapelaClint,,Instagram: ccapela15. ğŸ‡¨ğŸ‡­ğŸ‡¨ğŸ‡©ğŸ‡¦ğŸ‡´,,92023,121,560,2013-07-15 20:58:56,621,1004,1596720342
Tony Bradley Jr. ğŸ‚,ToBrad1,Florida,Humbled Follower of ChristğŸ™ğŸ¾| #ğŸ±63 #BLESSED,https://t.co/MjyKVyfUon,21447,549,227,2013-07-02 19:46:17,1447,1247,1563943224
pascal siakam,pskills43,new mexico state university,God first. #RipDad #DoingItForYou #NmState #WeTheNorth #43,https://t.co/6dq6S7HUw1,134763,205,610,2013-06-25 20:19:42,1040,1608,1546561830
Alex Len,alexlen,Ukraine âœˆ Maryland âœˆ SacTown,#SacramentoProud | Business Inquries: @mike_sig,https://t.co/0SUuYmtMTB,16734,182,379,2013-06-22 14:11:19,80,370,1538825629
d.j. wilson,Lanky_Smoove,,ğŸš¶ğŸ½â€â™‚ï¸,,29860,37,192,2013-06-12 01:46:21,1771,222,1508093396
Onyeka Okongwu,BigO21_,"Chino, CA",,,28251,290,73,2013-06-10 00:48:03,4426,2809,1496970942
Markelle Fultz,MarkelleF,GYM ,Ballislife| DeMatha alumni| @UW_MBB |Ig:@Markellefultz.| LowLife ğŸˆ| TTM | #F2G=Faithful To The Grind,https://t.co/qxwCcAZJtB,237390,989,882,2013-06-10 00:15:50,12546,8091,1496917872
Jason Preston,Treballjay11,,Believer in Christ. LA Clippers Basketball #17. Subscribe to MY YOUTUBE CHANNELâ¬‡ï¸â¬‡ï¸â¬‡ï¸,https://t.co/v7TlMiL09z,17424,373,36,2013-06-06 16:27:49,5042,4039,1488144572
Lonnie Walker IV,lonniewalker_4,,,https://t.co/QPeJnxQrJP,63828,388,301,2013-05-31 00:35:00,8313,11907,1470978146
_cd13,cheick_diallo13,"Phoenix, AZ","Official Twitter account of Cheick Diallo, Power forward/center of the @suns Kayes, Mali. Never forget where you came from! #CD13 #AirMali #CheickItOut",,16667,152,179,2013-05-31 00:15:21,1024,1811,1470950540
Rodney McGruder,RodneyMcGruder,#PathToTheNBA,Its not about the accolades but more so about what you do in a given situation that makes you a Leader. Kansas State Alumni.,https://t.co/Rduufm1JGS,7982,96,138,2013-05-30 03:34:14,118,136,1468865215
Jalen Brunson,jalenbrunson1,,Dallas / Nova #IVO,https://t.co/DkS2JlN002,45312,229,322,2013-05-28 05:43:54,5263,4593,1463892300
Isaiah Roby,roby_isaiah,,Isaiah 41:10 ğŸ–¤,,17996,499,116,2013-05-20 18:21:00,8483,7079,1444425812
T.Snell,TonySnell21_,,Blessed,,21479,124,319,2013-05-08 18:44:49,94,50,1413547332
Carsen Edwards,Cboogie_3,,jaded.,,59746,702,246,2013-04-27 19:08:37,6725,4207,1385256782
Luka Garza âœ,LukaG_55,,University of Iowa Basketball #55 ğŸ¤ğŸ’› ALL GLORY TO GOD âœ ğŸ‡§ğŸ‡¦ğŸ‡ºğŸ‡¸ ig: lgarza_55,https://t.co/ASsQ7RsCIg,33803,766,107,2013-04-23 11:33:58,5033,4206,1374451580
DHALL5âƒ£,_DatBoi05,,~R.I.P-D.E.H-(11/30/10)#UA19,,2902,682,23,2013-04-22 16:26:41,528,1643,1372503966
Darius Garland,dariusgarland22,,GodğŸ™ğŸ½| Cleveland Cavaliers |,,36609,372,186,2013-04-20 15:28:06,5748,6778,1367322109
Kyle O'Quinn,Kyle_OQuinn,NY-VA-FL-NY ,Blessed. #FSTF,https://t.co/1TNmqs7kIW,37658,551,393,2013-04-19 13:33:50,3335,3429,1364408940
Gorgui Dieng,GorguiDieng,"Memphis, TN",This is the Official Twitter account for Gorgui Dieng.,https://t.co/tGVk9O71aa,62015,245,417,2013-04-17 04:11:28,483,1238,1358510274
Brian Bowen II,tugs_,"Indianapolis, IN","Saginaw,MIğŸ–¤â€¢#TheJourneyğŸ™‡ğŸ½â€â™‚ï¸",,12054,309,0,2013-04-05 03:14:53,3280,7626,1328268714
7even,iAmSJ,"Orange County, CA",DREAM EPIC. Philippians 4:13. Psalms 23 1-6.,,57696,804,345,2013-04-03 05:44:02,6755,8028,1323936524
Justin Holiday,JustHolla7,NBA Champion ,"Everything Happens In God's Time. His Plan Is The Best Plan, And I Am Enjoying How He Is Blessing Me. #GodIsGood... Psalms 23",https://t.co/gtE6sOHT96,29554,375,396,2013-03-31 19:28:50,4202,5695,1318989560
jarrett culver,jarrettc08,,Minnesota Timberwolves #23 Godfirst,,34960,396,151,2013-03-31 04:40:15,28587,4653,1317724028
GARY x TRENT x JR ğŸŒ¹,gtrentjr,,JUST BE GREAT ğŸ¤ŸğŸ½/// Play for JB ğŸ€ â¶ğ“…“,https://t.co/hX9tDZ26tY,76963,259,276,2013-03-27 00:45:02,10384,7541,1306089967
Mamadi Diakite,_mdiakite,"Milwaukee, WI","ğŸ‡¬ğŸ‡³ â¡ï¸UVA alumâ¡ï¸Bucks ğŸ¦Œ... For support, birthday wishes etc. click on the link below",https://t.co/V9Ww1IHwnF,14511,551,103,2013-03-12 17:34:15,2042,428,1262492749
Steven Adams,RealStevenAdams,,"To live is to risk it all. Otherwise, you're just an inert chunk of randomly assembled molecules drifting wherever the universe blows you -Rick",https://t.co/Ku65t7KZjX,214769,375,938,2013-03-09 03:15:09,432,1644,1253284927
Bojan Bogdanovic,44Bojan,"Washington, DC",,,24505,44,372,2013-03-04 20:51:11,16,121,1242198056
JJ,1JustinJames,,South Florida Made !  #772                    ~~GOD FEARING~~,,3524,244,51,2013-02-14 03:26:27,3942,297,1177527576
Deâ€™Anthony Melton,DeAnthonyMelton,,Deâ€™Anthony Melton #somethinglight IG:@deanthonymelton,,9209,214,180,2013-02-10 01:03:47,2769,5196,1164534054
Dean Wade,deanwade3232,St.John KS â¡ï¸ Cleveland ,Cleveland Cavalier forward,,15711,1715,66,2013-02-08 16:47:21,6329,5362,1160657978
miye,PrinceOni13,818,Jets | Arsenal. God up Top.,https://t.co/B48e3Yxqxj,4190,741,72,2013-01-19 06:15:05,20441,5389,1102950979
Kentavious C.P,CaldwellPope,,The Official Account of LA Lakers SG #1 Kentavious Caldwell-Pope,https://t.co/tfMtjywIV3,109134,234,703,2013-01-16 18:44:14,16,307,1096007496
Ben Simmons,BenSimmons25,,,https://t.co/wIrEw4Hq8n,1032058,229,2091,2013-01-05 13:43:35,4604,566,1063034450
Marquese Chriss,quese,"Sacramento, CA",John 3:16,https://t.co/44pPP7U1Cb,32926,540,295,2012-12-27 06:56:55,21808,22212,1039001280
Justin Wright-Foreman,JayWright_3,,ğŸ‡ºğŸ‡¸ğŸ‡«ğŸ‡· #ï¸âƒ£RIPGma&Gpa #ï¸âƒ£AlaÃ¯aSkyWrightForemanâ£ï¸,https://t.co/p0waobI1pw,4557,398,55,2012-12-21 19:02:52,8266,7987,1026971803
Paul Millsap,Paulmillsap4,,To Liveâœ¨To Progressâœ¨ To Inspireâœ¨To Be Greatâœ¨            Instagram: @paulmillsap4,https://t.co/ZMdP3L7gN5,72314,393,631,2012-12-13 17:20:33,617,728,1009296320
Dejounte Murray,DejounteMurray,,#LongLiveJohnWilliamsğŸ™ğŸ½ #LongLiveHeavyChevyğŸ–¤ #LLTMğŸ’šğŸ€ Free The REAL!! ğŸ¤˜ğŸ½,https://t.co/H69Wh8YDnk,159000,180,486,2012-12-12 07:18:48,11526,19658,1005789476
Grant Williams,Grant2Will,,Boston Celtics #12 Former University of Tennessee #2,,70383,1515,362,2012-12-12 03:01:47,23945,6278,1005432853
Thon Maker â„¢,ThonMaker14,,#MakerMob T.M.365       IG: @ThonMaker,,47276,226,304,2012-12-10 17:06:12,4628,1318,1002061656
Justin Jackson,JJacks_44,"Dallas, TX",ğŸ’ @BrookeJacksonn_ ğŸ™ğŸ½ Believer ğŸ‘¨ğŸ½â€ğŸ“ğŸ† @UNC_basketball,https://t.co/hePZykRw6C,97267,321,475,2012-11-29 23:48:06,4188,2239,979379982
Isaiah,isaiah__02,,ğŸ¦,https://t.co/xzgOMIBQvT,11905,225,57,2012-11-28 03:18:12,5394,12951,975249576
Ryan Arcidiacono,RyArch15,,"Langhorne, Villanova, Chicago. Book a Cameo: https://t.co/9F0ML9wXrx",https://t.co/gL4qBn2qs8,46792,609,234,2012-11-20 21:33:24,2928,996,961240824
Lauri Markkanen,MarkkanenLauri,"Helsinki, Finland",ğŸ‡«ğŸ‡®,https://t.co/baWTVSp8yn,106440,133,0,2012-11-08 20:12:36,694,706,935323794
Lonzo Ball,ZO2_,RIP Nnam (SMAS),Trust Him and stay humble #B2B #T2L #P4N 2...21,https://t.co/LPWpeX4vnM,1249442,310,1882,2012-10-27 23:18:46,5112,4492,909102066
Paul Watson JrğŸ¦¹ğŸ¾â€â™‚ï¸,_PWJiii,Phx,#GGM #WHOB,,4690,317,50,2012-10-23 16:43:58,5544,7802,900192978
PJ Washington,PJWashington,"Dallas, TX",,,90309,275,320,2012-10-22 17:50:07,45491,14639,898070401
Chris Silva,SilvaObame,,"All Glory to GOD. Thankful to see another dayğŸ™ğŸ¼. Loyalâ€¢ Passionateâ€¢ Fearless#10,#30... USC19ğŸ‡¨ğŸ‡»ğŸ‡¬ğŸ‡¦. NJ . ğŸ‘‘ ğŸ€",,10394,330,84,2012-10-04 23:53:00,2542,2197,862216146
Furkan Korkmaz,FurkanKorkmaz,,Philadelphia 76ers - Every Single Day / For business and communication inquiries: @possiblesft,,99723,132,352,2012-09-28 19:59:07,286,1102,851651556
Dewan Hernandez,DewanGoesFor_20,"Miami, FL",#LLH #LLD,https://t.co/5pDqqoyS3Y,7842,258,88,2012-09-08 16:31:42,6871,20237,811243404
Tomas Satoransky,satoransky,"Chicago, IL",The Official Tomas Satoransky Twitter Player of the NBA #uskpraha #cbsevilla #fcbarcelona #wizards #bulls,https://t.co/le50qeGqmG,19320,115,279,2012-08-14 09:25:16,497,578,756825420
Kess,KesslerEdwards,"Brooklyn, NY",,,1264,297,13,2012-07-26 19:11:07,663,539,718577268
Ray âœŠ,RaySpalding_4,,"Down to earth always keep God 1st, I'm a regular guy just have a Bigger Dream than most- Follow me âœˆ Louisville, Kentucky",,7926,610,55,2012-07-25 19:55:13,1829,4294,716660173
Devontae Cacok,Vontae__15,"Atlanta, GA",God First ğŸ‘¼ ClayCo #ProveEmWrong,,10341,350,77,2012-07-20 02:14:27,9312,7341,706224606
JARED HARPERğŸ·â„¢,Therealvinoo,"Mableton, GA",,https://t.co/r2rmEYcVYa,15400,87,85,2012-07-07 22:44:20,11818,12010,629706262
Troy Brown Jr,Troy_Brown33,,Chicago Bulls #7... Vegas born ğŸ±,https://t.co/lmuGvMTC1X,20493,114,191,2012-06-21 08:03:09,9606,6164,614127319
Aaron Gordon,Double0AG,,Love The Game.,https://t.co/j2Egniekni,196881,521,799,2012-06-21 04:44:48,1499,2522,614024492
Frank Mason,FrankMason0,,Father of Amari Mason,,111385,130,300,2012-06-19 21:26:54,991,10448,612872798
Derrick Rose,drose,,Iâ€™LL SHOW YOU comes out 9/10 ğŸ‘‡ğŸ¼,https://t.co/l776Y9ZDjH,2547633,35,5074,2012-06-19 17:20:17,7,91,612792060
I AM. caleb.,calebswanigan50,United States,love wins,,15951,53,145,2012-06-18 03:13:00,7628,15756,611420352
Omari,Omarispellman,,,,6468,0,105,2012-06-16 06:03:00,873,8721,609738718
Rudy Gobert,rudygobert27,ğŸŒğŸŒğŸŒ,Human being,https://t.co/kUoMqgvAXa,560612,475,1717,2012-06-15 22:02:03,4486,5326,609548724
Grayson Allen,GraysonJAllen,,Duke University â€¢ Milwaukee Bucks,https://t.co/cT1Tan2Wc6,256037,494,501,2012-06-15 03:59:48,30395,4860,608751926
Wendell Carter Jr,wendellcarter34,"Orlando, FL",,,53850,284,210,2012-06-13 20:15:53,1664,858,607519948
Kobi Simmons,JordanKobi,Atlanta,Jeremiah 29:11 âœï¸âœ¨,,13582,355,85,2012-06-08 06:02:25,3595,15291,602504975
JMo,juwanmorgan,"Waynesville, MO",My name is my name... Android 16. Kakashi Hatake.,,15151,391,110,2012-05-11 13:25:48,4237,729,577133099
Kyle Alexander,KyleJamal4,,IG: KyleJamal4 | Jamaican Canadian | Toronto Born | God Blessed ğŸ™ğŸ¾,,16476,589,61,2012-05-06 05:13:03,4216,1934,572328047
David johnson ã²,davidjohnson13,University of Louisville,,,9474,659,34,2012-05-04 22:43:50,3358,1086,571299510
Evan Fournier,EvanFourmizz,"Charenton-le-Pont, France",Guard for the @nyknicks Instagram-evanfournier10 94,https://t.co/Hcx0G2re9u,304405,119,1050,2012-04-24 21:39:21,128,9295,562362256
Keita Bates-Diop,KBD_33,,IG: Keitabd Snap: kbd33,,10603,260,109,2012-04-24 02:21:42,998,2138,561653498
Myles Turner,Original_Turner,Hook Em' Horns,"INDY! S/O To Everyone Who Said I Couldn't Bedford,TX #RIPPOLO #RIPGAIUS #RIPLOLO #RIPHABRAM",,109616,797,558,2012-04-23 04:17:29,6366,11916,560820176
Jake Layman,JLayman10,"Minneapolis, MN",ğŸ¢ğŸŒ¹ğŸº,,17254,72,193,2012-04-22 18:36:32,124,330,560500094
Jordan McRae,JordyMac52,,Trying to Live and Maintain... Chasin a dream,,26933,815,166,2012-04-22 16:27:22,1031,6968,560489253
13am AdebayoğŸ’¥,Bam1of1,8 Minutes Before 3,"â€œLet no one look down on your youthfulness, but rather in speech, conduct, love, faith and purity, show yourself an example of those who believeâ€ 1 Timothy 4:12",https://t.co/NEN8eFNQXT,199100,382,764,2012-04-17 01:29:18,1625,14232,555653709
Harrison Barnes,hbarnes,"Ames, Iowa",âœŸ Acts 4:12 | ğŸ‘°ğŸ¾ğŸ’ @BrittanyLBarnes | TAR HEEL. | @sacramentokings forward | https://t.co/wIkdU1j0OK | #AO1,https://t.co/mCzfXGD67B,593055,1235,2111,2012-04-16 18:07:37,2619,5031,555393138
Malik Monk,AhmadMonk,"Lepanto,AR ",RIP TROY #WB #LakeShow #BBN rrs solo dolo,https://t.co/rKxgUzERn7,122841,306,507,2012-04-13 00:27:39,1591,309,552289108
Kevin Huerter,KevinHuerter,,"Atlanta Hawks | Maryland Terp | Clifton Park, NY",https://t.co/9GHj3Gk7SX,37785,387,218,2012-04-11 22:36:01,4556,3730,551374030
Tyler Zeller,ZellerTyler,,God is first then family and basketball and then everything else. #priorities,,44626,27,558,2012-04-09 22:05:06,0,121,549582941
R.HollisJefferson,IAmCHAP24,,Calm Humble And Patient...,https://t.co/bazXGuP4gc,62683,154,373,2012-04-05 14:42:05,2453,10113,546025819
Rj Barrett,RjBarrett6,,Team Canada | Class of 2018 | UPlay | Montverde Academy | Duke | New York Knicks | PUMA,,189231,363,787,2012-04-05 01:12:04,2809,1016,545663382
marcus smart,smart_MS3,Greatest City in the USA â˜˜ï¸,Strength does not come from physical capacity. It comes from an indomitable will.,,332304,906,1285,2012-04-03 03:55:26,1319,3133,543954514
Kyran Bowman,KyranBowman,Havelock,LA CLIPPERS ğŸ™ğŸ½ğŸ€ #IAGLTY OFFICAL:FIRST48   â€œWHOâ€™S YOUR GODâ€,https://t.co/np0oMVDjcW,8816,789,68,2012-04-03 03:01:55,7436,5208,543924986
Moe Wagner,moritz_weasley,"Ann Arbor, MI",6'11 with an accent,,62755,491,382,2012-04-01 11:03:03,1296,667,542457164
Caleb Martin,Calebmartin14,Insta: caleb_martin10,"Charlotte Hornets Guard ğŸ #10 Charlotte , NC ğŸ“",https://t.co/F90KFesRpW,10343,402,98,2012-03-28 01:52:42,5879,5565,538636537
Payton Pritchard,paytonpritch3,,just a kid from West Linn,,43014,595,216,2012-03-22 17:55:18,4979,3528,533340704
Amir Coffey,coffeyshop_,,,https://t.co/fGi4Ts4ghh,8702,201,71,2012-03-22 01:47:04,11209,3358,532817694
Jalen Suggs,jalensuggs,,3X USA Gold MedalistğŸ‡ºğŸ‡¸ |  Different BreedğŸ¦„,,41722,854,123,2012-03-20 16:37:49,4879,1638,531506811
Will Barton,WillTheThrillB5,,#PTF https://t.co/wOakaCZuUJ,https://t.co/zd636pSc1u,45423,320,545,2012-03-19 18:28:23,77,10946,529603839
marcus zegarowski,MZegarowski1,,Creighton University MBB,https://t.co/uEPqkk5IpL,5211,413,18,2012-03-16 19:35:51,5079,5964,526723721
Alize Johnson,AlizeJohnson,Williamsport PA,Prayer & Faith,https://t.co/ssvT0JS9SH,13526,2507,108,2012-03-15 00:55:32,11637,21067,524890156
Skal Lab,OneBigHaitian,,Un fils du ROI des rois. Disciple de ChristğŸ‘‘. #JesusIsTheOnlyWay #NoLimits #DareToBeDifferent Instagram: skal_lab,,40944,1161,268,2012-03-10 05:58:51,3680,2768,520135756
Bryn Forbes,BrynjForbes,San Antonio ,"Shooting guard for the SA Spurs.
 Proud Father of CarterğŸ‘‘ and
LeoğŸ¦
#Eac",,20641,140,247,2012-03-01 15:27:54,201,1124,510401871
PJ Dozier,Dozier_Kid,,professional basketball player #BlessedAndHighlyFavored,,19481,2381,127,2012-02-21 02:55:59,1217,1012,498470505
Joakim Noah,JoakimNoah,"New York, NY",Stick stickity . For my foundation contact @noahsarcfdn,https://t.co/CMhy0MEv2D,652910,459,2339,2012-02-16 21:55:31,125,1495,494422305
Mychal Mulder,MychalMulder,,,,19737,274,118,2012-02-15 13:38:10,13480,7418,493132801
Donovan Mitchell,spidadmitchell,,Be HumbleğŸ™ğŸ¾ Former Louisville Guard #L1C4... Utah Jazz Guard,https://t.co/zj2D0eSfxR,1090951,752,2023,2012-02-10 00:28:37,8107,4423,488026266
Jusuf NurkiÄ‡,bosnianbeast27,Bosnia and Herzegovina,Official Twitter profile for Bosnian and Herzegovina National Team and Portland Trail Blazers Center ğŸ€#27 #RipCity #hadÅ¾omoj,https://t.co/31rI7YV9a7,131864,206,634,2012-02-09 22:53:02,2183,5518,487962301
Trent Forrest,TForrest_11,,850 Born and Raised | https://t.co/JFvrlGJKEt | RIP BEA | Florida State Basketball #3,https://t.co/mqJS8tKgTZ,7157,902,49,2012-01-30 23:59:54,3377,11175,479066463
Cam Reddish,camreddish,,#TGBTG ğŸ™ğŸ¾,https://t.co/HeLRoaASq9,77827,570,372,2012-01-19 01:29:37,1626,3908,467967001
John Collins,jcollins20_,"Atlanta, GA",JCâ€¢ Atlanta Hawks Forwardâ€¢ ğŸŒ´561ğŸŒ´â€¢ ğŸ‡»ğŸ‡®,https://t.co/mYafNp2oI2,31765,0,273,2012-01-17 06:08:56,3574,1810,466241497
Joe Wieskamp,JWieskamp21,,,https://t.co/paasX8PbDR,12006,142,63,2012-01-15 20:28:57,5824,460,464968781
Luka Doncic,luka7doncic,"Dallas, TX",,https://t.co/vJ61xPltLZ,1387973,355,2631,2012-01-10 12:04:12,7910,4307,460116210
Yuta Watanabe æ¸¡é‚Š é›„å¤ª,wacchi1013,,Jinsei Kagawa Japan â†’St. Thomas More Prepâ†’George Washington University â†’Memphis Grizzlies/Hustleâ†’Toronto Raptors,,181204,433,833,2012-01-07 12:44:32,1288,3999,457459276
Dylan Windler,Dylan_Windler23,,Cleveland CavaliersğŸ€,,15000,531,110,2011-12-30 16:59:51,2341,455,450775222
Jayson Tatum,jaytatum0,,If you put God First anything is possible!!! Philippians 4:13- I can do all things through Christ who Strengthens me!!! In Jesus name i Play,https://t.co/wNK5zgqppt,831116,712,1835,2011-12-28 04:11:14,6935,17689,448562247
Chris Clemons,idropcoldbucks,,"Dont let anyone or anything get between you and god, GOD IS FIRST #CampbellBasketball #HoustonRockets IG:@idropcoldbucks",https://t.co/XblzpGkvM3,5793,1143,37,2011-12-24 17:43:14,2245,3099,445655540
Kenrich Williams,williamskenrich,"Waco, TX","James 4:6

No IG",,2679,487,61,2011-12-23 05:21:50,157,1457,444357023
Allonzo Trier,ISO_ZO,,,https://t.co/83YfxQkzUZ,31096,618,261,2011-12-11 06:25:48,7095,46176,433936000
Jarrett Allen,_bigjayy_,,'The one and only' - Center/#31 for the Flint Michigan Tropics,,44823,224,333,2011-11-30 00:07:39,2683,874,424609982
Jaylen Brown,FCHWPO,EARTH ,,https://t.co/n7sGcBjggh,471033,465,1402,2011-11-23 02:02:11,4259,3093,419181069
Joel â€œTroelâ€ Embiid,JoelEmbiid,Philadelphia ,PROCESSING.......................,https://t.co/sbjiowZ9Rj,1905049,323,5016,2011-11-20 05:27:11,1295,2784,416814339
Deonte Burton,DeonteBurton,,Tough situations build strong people in the end!never stop believing never give up and believe in yourself and the man above ğŸ’¯ğŸ€ğŸ™ğŸ¾ğŸ˜¤,https://t.co/oAIb6TqFHW,3352,1476,69,2011-11-18 23:05:04,7319,6188,415877482
Courtney Lee,CourtneyLee5,,"Born and raised in Indianapolis,IN. A Proud Wku Alum, A Son of God! And lives by code of Hammurabi!!!",,64324,312,759,2011-11-15 01:20:03,1,2759,412688692
Zach LaVine,ZachLaVine,,,,453089,193,1437,2011-11-05 00:34:14,3236,3703,405205681
Denzel Valentine,denzelvalentine,,"Isaiah 40:31ğŸ™ğŸ½ , EAC, Dreamchaser, ğŸ—£ğŸ¤ğŸ§",https://t.co/p7PVcp0oQO,74428,524,437,2011-11-01 22:26:55,966,4891,403023272
Ian Mahinmi,ianmahinmi,"Washington, DC",Join Us #WHENWEALLVOTE we can move the nation forward. Be the change you want to see. https://t.co/XfBQy1eoSC,https://t.co/XfBQy1eoSC,43057,237,623,2011-10-19 16:17:58,290,2863,394125377
Tyus Jones,1Tyus,Memphis â€¢ IG:1Tyus,JuniorğŸ‘¶ğŸ½ â€¢ Write Your Own Story â€¢ Psalms 37:23-24 â€¢ Memphis Grizzlies PG â€¢ Former Duke Blue Devil,https://t.co/zWnjYTa0WE,157018,567,614,2011-10-18 23:59:47,4981,8496,393722870
Rodions Kurucs,RODIONS1,"Milwaukee, WI",#00 #allLove,,10059,288,130,2011-10-17 18:03:22,4045,2540,392875860
Ayo Dosunmu,AyoDos_11,,Chicago Bulls.,https://t.co/Zy4pNXYtab,40479,212,121,2011-10-13 21:22:58,6984,9401,390361409
Jawun Evans,j3vans1_,in the lab,Just Be You,https://t.co/rwfdUfzm9d,10037,2306,87,2011-10-11 02:12:33,4592,20911,388624011
Udonis Haslem,ThisIsUD,,Family FIRST,https://t.co/EkBoKTM3P2,402025,579,1180,2011-10-10 01:35:14,772,628,388014562
Damion James,KONJames10,RIP GRANNY! I LOVE U!,"Basketball didn't MAKE me, it SAVED me!",,7023,133,166,2011-10-01 20:44:06,39,6390,383408893
Brandon Clarke,brandonclarke23,Vancouverâ¡ï¸Phoenixâ¡ï¸Memphis,Memphis Grizzlies ğŸ€ Gonzaga University AlumğŸ™ğŸ½ IG:Brandon_clarke23 ğŸ‡¨ğŸ‡¦ğŸ‡¯ğŸ‡²,,26510,410,356,2011-09-29 01:26:58,8709,660,381841868
DanuelKHouseJr,DanuelHouseJr,unknown,When god for you who can be against you. #OlaMaeHouse #TeamHouse #GBOD former LV Hightower alumni #ã€½ï¸â­•ï¸ city. #Aggie4Life â˜€ï¸ Houston ğŸš€ 4,https://t.co/PZlrLwUdG7,17006,1185,166,2011-09-28 21:40:24,2351,6527,381750947
Wayne Ellington,WayneEllington,,Tar Heel for life. National Champion. Current @Lakers Guard,,49969,287,708,2011-09-12 19:39:00,251,1777,372439064
Spencer Dinwiddie,SDinwiddie_25,"LA, Boulder, Chi, BKN, DC",Elijahâ€™s dad.,https://t.co/NTOifR2ubm,112200,1014,786,2011-09-05 04:58:40,5724,33293,368148234
Dillon Brooks,dillonbrooks24,,"@Memgrizz G/F
IG: @dillonbrooks24",,26302,554,396,2011-09-04 14:58:52,2924,6012,367771939
Ben McLemore,BenMcLemore,,"NBA Guard, I'm truly blessed and staying Humble&Hungry...... It's Ok To Be Great!!!! LLYMğŸ•Š management: @hazemgibaly",https://t.co/Jgy8O6BnkY,102833,1302,689,2011-08-30 17:08:23,2084,2677,364970961
Black.,WenyenGabriel,"New Orleans, LA",UPWAYğŸ’­ğŸ“ˆğŸ”‹âœŠğŸ¿ğŸ–¤ğŸ‡¸ğŸ‡¸ğŸ¦…ğŸ  â€œDirection is more important than speedâ€ â€œMake measurable progress in reasonable timeâ€,https://t.co/bAWIp2e0Pd,36490,639,161,2011-08-29 02:45:56,16388,8763,364032864
Domantas Sabonis,Dsabonis11,,"Indiana Pacers, Gonzaga University, Unicaja Malaga, Instagram: @dsabonis11",,45666,52,417,2011-08-29 02:01:35,1966,558,364013199
Jeff Green,unclejeffgreen,DMV,From the DMV...04'-07' Georgetown Hoya...GOTTA LOVE LIFE,,157153,693,1247,2011-08-27 23:54:57,5,14544,363365354
Bruce Brown,BruceBrown11,"Boston, MA",,,11399,329,135,2011-08-26 03:06:04,646,2473,362258536
Zach Collins,zcollins_33,,,,30819,878,275,2011-08-20 19:16:57,4703,15150,358938695
Goran DragiÄ‡,Goran_Dragic,"Miami, FL - Ljubljana  ğŸ‡¸ğŸ‡®","Father,brother and professional basketball player for @Raptors #TheDragon ğŸ²",https://t.co/3AVPxZBj3y,374609,504,1327,2011-08-17 13:48:24,3950,3289,356859571
Herbert Jones,_hoopinglife,âœˆï¸,University of Alabama Basketball ğŸ”´ğŸ˜,https://t.co/3aRsq0DvPU,11403,1177,36,2011-08-06 04:19:07,2629,1779,349466612
D'Angelo Russell,Dloading,,#Loading...â˜ï¸,,619204,173,1631,2011-08-04 05:27:23,1704,1109,348288809
Pat Connaughton,pconnaughton,M.O.A.M.,"WithUs @withus_5 Do your thing because in the end those who mind dont matter & those who matter dont mind Arlington,MA #MassMade #ATownsFinest #FlyHighLittleGuy",https://t.co/dyOEugVVxu,68986,745,329,2011-08-02 14:43:42,2553,6547,347265384
ğŸ…¾ï¸,TerenceDavisJr,,'Make Em Believeâ€™,,17374,832,118,2011-07-29 16:13:05,6793,7423,344798709
Fred VanVleet,FredVanVleet,"Rockford, Illinois ",(Wichita State University) [Toronto Raptors] IG@fredvanvleet {snapğŸ‘»: fvv815},https://t.co/cfR01Wq35t,174372,312,557,2011-07-20 20:08:26,4569,6757,339241519
SB,thatnegus_sb,,What don't kill you will only make you stronger!!ğŸ’ªğŸ¾Beat the odds do numbers and remain humbleğŸ™ğŸ¾ğŸ€ğŸ˜,,7338,153,97,2011-07-12 17:08:07,41,4803,334148848
DeMarre Carroll,DeMarreCarroll1,,Official Account For DeMarre Carroll â–ª The Carroll Family Foundation @CFFWeBelieve             â–ª info@lmsmanagement.ca,https://t.co/HdcS5AwORw,87397,394,661,2011-07-10 04:29:31,436,6250,332627423
andre,andre,S.G.,ğŸ”º NYTimes Best Selling Author,https://t.co/cqoW91Tc2f,1296562,633,3575,2011-07-07 22:59:50,487,8578,331283041
O.G. Anunoby,OAnunoby,,London England,,53451,187,246,2011-07-06 21:11:19,5186,250,330590874
Gary Clark,Gary11_Clark,"Clayton, NC",ğŸ€919 Instagram: gary6clark,,11402,789,114,2011-07-05 18:12:47,10607,15178,329842989
Oshae Brissett,Obrissy,,,,12963,195,117,2011-07-01 20:55:05,1787,20373,327603737
Willy HernangÃ³mez Geuer,willyhg94,"New Orleans, LA",âšœï¸New Orleans Pelicans Playerâšœï¸ #9ğŸ€(27/05/1994). Madrid. Humility & Sacrifice. (Instagram: WillyHernangomez) #TrustYourWork #WH ğŸ‡ªğŸ‡¸,https://t.co/OJsqOQmw1I,78167,330,680,2011-06-27 21:02:03,21582,7073,325164911
Zylan Cheatham,1KingZ4,,BLACK LIVES MATTER â€¼ï¸â€¼ï¸â€¼ï¸,,6974,370,76,2011-06-21 06:43:01,3026,33985,321223966
Jarred Vanderbilt,JVando,"Houston, TX",Minnesota TimberwolvesğŸ“Philippians 4:13,https://t.co/gcBdGTc1Ek,44572,171,190,2011-06-20 13:42:28,3437,7853,320758559
Kelan Martin,kelan30_,Louisville,https://t.co/fBUy8Fhpzl,,7270,967,62,2011-06-19 19:08:13,2702,14173,320347737
Chris Chiozza â€œFLASHâ€ âš¡ï¸,Chiozza11,,#CMD Memphis Made IG: Chiozza11,,13128,3524,121,2011-06-16 02:51:00,8306,4707,318181107
Oroachimaru,Sneaky_Bounce,,#BOB4L,,6754,760,38,2011-06-16 01:33:13,3838,4220,318146307
Josh Hart,joshhart,"New Orleans, LA",New Orleans Pelican #3,https://t.co/74BztjzYIb,487688,365,0,2011-06-15 23:37:18,755,9334,318095329
Kyle J Guy,kylejguy,"Sacramento, CA",â€¢â€¢â€¢ Indiana Made â€¢â€¢â€¢ National Champion â€¢â€¢â€¢ Inquiries: Carly.grant2@gmail.com,https://t.co/euQ748Sc10,43488,532,263,2011-06-14 02:11:48,18039,20332,316855068
Vincent Poirier,viinze_17P,"Madrid, ES",ğŸ”¸Player for @RMBaloncesto ğŸ”¸@FRABasketball ğŸ‡«ğŸ‡· ğŸ”¸@nike AthlÃ¨te ğŸ€ ğŸ”¸        ğŸ® Twitch : VincentPoirier,https://t.co/pgZWBUsD5K,28499,337,224,2011-06-11 17:53:00,2831,11806,315331827
Dennis Smith Jr.,Dennis1SmithJr,The Come Up ,The world's a stage I just play my part #910Made #910Raised #910Paid #AFNF,https://t.co/kpb3v20Qbr,183067,897,544,2011-06-05 19:26:09,2942,30107,311623066
melvinjrrr,melvinjrrr,,,https://t.co/gIEeZyVS3o,3800,31,53,2011-06-03 04:00:25,729,1247,310060689
Josh Okogie,CallMe_NonStop,,God. Family. Basketball.,,25430,496,196,2011-06-02 18:17:14,4047,9353,309810799
Jrue Holiday,Jrue_Holiday11,,Our greatest fear should not be of failure but of succeeding at things in life that don't really matter.- Francis chan,https://t.co/gGxrXJ9Aj6,181941,550,1166,2011-06-02 06:45:12,700,3524,309516587
J Lamb,jlamb,"Charlotte, NC","I once had a awkward moment, only cuz I wanted to... My Instagram-- jeremylamb1",,47683,254,472,2011-05-22 22:35:58,12,3319,303465692
Enes Kanter,EnesKanter,"Pennsylvania, USA",{Hizmetin HizmetkÃ¢rÄ±} FREEDOM IS NOT FREE https://t.co/Ripmvs9VTp & https://t.co/OY1rPsSUe7 | Snapchat & TikTok: eneskanter11,https://t.co/Xz8IzrAmpK,467925,335,1806,2011-05-20 16:29:14,15,11658,302111485
Robert Williams,rob_williamsIII,,LğŸ’”E,,40596,554,319,2011-05-19 21:35:39,3084,5631,301680035
Eric Gordon,TheofficialEG10,"Houston, TX",Shooting Guard for the Houston Rockets and INDIANA HOOSIER! https://t.co/6y8olQomqN,https://t.co/ZwPVJEfX5L,223048,1905,1356,2011-05-15 18:55:03,3133,2505,299242570
Vic Law,Followthe_LAW,Chicago,Itâ€™s only crazy until you do it.,,3206,395,41,2011-05-14 22:14:42,1697,12836,298767140
Christian Wood,Chriswood_5,,Just Wait ...,,48745,139,254,2011-05-10 04:14:30,230,757,296065053
SHAKE,SniperShake,,Full circle,,25134,245,206,2011-05-09 21:25:29,3123,269,295906573
Bobby BP Portis,BPortistime,"Milwaukee, WI",Turned nothing into something! #UNDERDOG                                 Business Inquiries: Info@BobbyPortis.com,https://t.co/tZUJ8ymHjN,138174,485,617,2011-05-07 01:46:38,2288,5056,294380360
Treveon Graham (Tafari Peace âœŒğŸ¾),TreBall21,Highest Self,Everyday is a new beginning ... take a deep breath smile and start again #onelove,,4521,443,94,2011-05-03 02:17:08,1145,1029,292078599
Shaquille Harrison,ShaqHarrison_3,,Former Point Guard at the University of Tulsa.. chicago ğŸ€ğŸ€ #GoldenHurricane #KansasCity #RIP Eunice Francis IG: Shaqharrison_3,,6710,488,98,2011-04-29 14:08:54,10250,16693,289953159
Royce O'Neale,BucketsONeale00,"Texas, USA",I am second to him ğŸ™ğŸ¾ Utah Jazz ğŸ€,https://t.co/6DO1G7ytjP,46669,797,303,2011-04-29 05:02:17,3458,25398,289760136
TJ Warren,TonyWarrenJr,In a gym near you,Mind elevation,,52766,160,519,2011-04-28 03:00:50,281,5182,289141917
Chimezie Metuâ„¢,Chimezie_Metu,Lagos â¡ï¸ Lawndale â¡ï¸ L.A.,Agá»¥ nna ya. ğŸ…ğŸ‡³ğŸ‡¬ HMğŸ’œ.,,9744,466,130,2011-04-27 01:12:52,6079,11708,288535111
Cam Reynolds,CamoCinco,"Houston, TX",RIP Cam34 ğŸ‘¼ğŸ¾ğŸ™ğŸ½ // Tulane â€˜18 // #UNDRAFTED,,4866,773,51,2011-04-25 23:35:33,8803,25538,287937817
Willie Trill Cauley-Stein,THEwillieCS15,"Dallas, TX",@dallasmavs #MFFL @YMAPAAsports #SHIFTeverything â  @iburks @yazoomotif ğŸ¨ ğŸ¥·ğŸ½,https://t.co/jsdHAY7cgO,227672,788,781,2011-04-19 02:38:58,3408,13154,284326648
Jahlil Okafor,JahlilOkafor,"New Orleans, LA","R.I.P I love you mom. #Dolphins - Duke Blue Devil, National champ '15   - âšœï¸",,137441,562,810,2011-04-13 17:57:48,816,6765,281649695
Kelly Olynyk,KellyOlynyk,,Hoopin with the Rockets via Gonzaga. Just a Canadian kid with big dreams. #BBU Instagram: KellyOlynyk,https://t.co/l5puXJxhg9,79748,173,697,2011-04-13 07:00:02,123,1573,281405595
Cory Joseph,Cory_Joe,"Toronto, Canada",University of Texas Alumni. Guard for the Detroit Pistons,https://t.co/m6JuG8KEnf,107520,296,714,2011-04-09 20:36:03,251,836,279697145
Norvel Pelle,NorvelPelle05,jus GOOGLE me   ,Loading . . . #2 #8 #24,,4348,289,78,2011-04-06 00:47:04,2913,12276,277774483
Duncan Robinson,D_Bo20,"Miami, Fl",This is Water â˜”ï¸ Host of @thelongshotpod ğŸ™,https://t.co/FZxZNUftXL,43690,548,249,2011-04-04 17:52:40,904,760,277095600
Antonius Cleveland,ac_uno1,,â›¹ğŸ½. Romans 12:2,https://t.co/nTTG7Wdumx,2647,777,30,2011-04-03 04:44:51,2214,11095,276340144
Miles Bridges,MilesBridges,,Forward for The Charlotte Hornets. #SpartanDawg #BuzzCity #Eden #AMBx2 |Matthew 6:33,https://t.co/qW8tAbAbyF,140311,474,508,2011-04-03 00:31:10,18125,19268,276259411
Bismack Biyombo,bismackbiyombo,,"Walk by faith, LiVE TO SeRVe...",https://t.co/cT9vQJacAf,53189,309,549,2011-03-28 17:37:01,577,3045,273532957
t$unami,KELLYOUBREJR,Tsunami Island,Shhhhhh | Dope$oul | Charlotte Hornets | GOD$PEED,,143218,9,559,2011-03-27 19:54:54,757,10660,273080747
kuz,kylekuzma,"Los Angeles, CA",Flintstone. NBA Champion.,https://t.co/pRdDiY2oEf,1104864,21,1963,2011-03-26 21:02:32,4200,15175,272616327
Jerami Grant,JeramiGrant,,#familyovereverything Instagram: @jeramigrant,,49601,196,445,2011-03-26 19:25:27,1530,8408,272562079
Admiral Schofield    ğŸº,admiralelite15,,MORE THAN AN ATHLETE #RIPDEL #KingOfTheNorth  #mambaforever,https://t.co/KEUc6Hke7b,49099,952,152,2011-03-24 01:11:07,35252,17680,271186255
Kemba Walker,KembaWalker,,,,466686,240,2134,2011-03-23 02:28:39,38,1060,270689028
ETwaun Moore,ETwaun55,,- The Official Account of Phoenix Suns SG #55 E'Twaun Moore -,https://t.co/sWEBemugO3,33916,1312,486,2011-03-21 23:17:21,597,966,270072188
Jeff Teague,Teague0,Atl,,https://t.co/ksd9piX5fx,83918,549,773,2011-03-21 22:13:49,98,4323,270044966
Danny Green,DGreen_14,"Philadelphia, PA",https://t.co/dyu3O3Q14Z,https://t.co/wI2JBy9bso,638600,378,2112,2011-03-21 00:58:06,18,13069,269552973
Damian Lillard,Dame_Lillard,,They say the truth shall come to the light...so everybody grab ya shades cuz ya boy that bright. (Instagram: DamianLillard),https://t.co/Gjrq26STv9,2882175,2492,5014,2011-03-16 22:59:04,5030,24281,267425142
Reggie Jackson,Reggie_Jackson,,Just a kid chasing a dream,,113517,238,705,2011-03-15 21:45:57,95,5118,266819783
Langston Galloway,LangGalloway10,,"Blessed & Highly Favored | Proud Father, Loving Husband | https://t.co/R48nVNoSwd | @IBallEmpire Partner | https://t.co/p9Gtn3JKM4 | LGKICKSTV Youtube",https://t.co/HrjBda3Q92,26507,1674,306,2011-03-10 02:52:27,28769,10161,263465785
Harry Giles III,HGiiizzle,Giiizzle World,https://t.co/suNAI4qYkZ,,98693,1367,434,2011-03-08 03:14:24,17916,19186,262470158
Cody Zeller,CodyZeller,"Charlotte, NC","Charlotte Hornet from Washington, IN - Living the dream and loving life!!!!",https://t.co/v4GmNtNMpm,143179,189,776,2011-03-01 00:52:17,0,1064,259030794
Theo pinson,tpinsonn,,Former player for the University of North Carolina!! National Champ!âœŠğŸ¾Follow me on insta @tpinsonn,,79713,1165,341,2011-02-25 14:56:53,2306,7856,257492235
Alex Caruso,ACFresh21,,Texas A&M Alum - #BullsNation - Never stress what's out of your control,https://t.co/gT0FcW87HC,309807,563,765,2011-02-22 02:01:31,11309,23140,255792011
Jimmy Butler,JimmyButler,"Miami, FL","From Tomball, all the way to the Miami Heat... Former Marquette Golden Eagle #33.. What I don't have, I don't need. What I don't need, I don't have.",https://t.co/ZmDc0AgDlW,787562,347,2831,2011-02-20 21:53:54,30,5408,255199842
Dewayne Dedmon,d_dedmon3,,I Hoop Instagram: d_dedmon3,https://t.co/shEZa7ry82,17046,362,267,2011-02-08 04:25:25,759,3949,249001367
LaMarcus Aldridge,aldridge_12,Texas Made ,,,751232,194,0,2011-02-07 20:24:33,51,3480,248829112
Jordan Bell,1jordanbell,"Long Beach, CA",Still trying to figure out this Super Saiyan thing.,,79277,624,429,2011-02-04 05:16:45,1922,9215,247145870
Andre Drummond,AndreDrummond,"Philadelphia, PA",CONTROL WHAT YOU CAN CONTROLğŸ¦,https://t.co/ti3cbgCljY,849619,1803,1373,2011-01-30 04:51:54,6918,20750,244800486
Malcolm Miller,MalcMili13,,"Everyday is a blessed day!
Stay Ready, Stay Positive! 
Crypto & Real Estate
snap:malcman13 IG:mlmili13",,11826,611,127,2011-01-29 21:36:56,10560,18053,244674776
Landry Shamet,landryshamet,"Phoenix, AZ",Kansas City â€¢ #nevercheated,,34611,412,313,2011-01-22 22:29:12,6838,7239,241692721
JaKarr Sampson,KarrSampson14,Ohio,"From Akron OH,  
st. Johns.#14
NGâ¤
 #330 #dreamchaser
 OHâœˆNY",,3787,160,86,2011-01-20 17:05:27,140,1483,240747041
Book,DevinBook,AZ,Suns 100T BBN,https://t.co/HnR8pQGi3i,1032939,296,1796,2011-01-12 01:10:14,4760,9164,237073728
Alfonzo McKinnie,_Alvo_,,IG: _alvo_,,18463,304,179,2011-01-06 07:04:49,669,1299,234661277
Georges Niang,GeorgesNiang20,MASS MADE,Believer. Iowa State Alum. There is no elevator to success you have to take the stairs. #CYCLONENATION MIH by any means,,77903,1146,368,2011-01-06 02:24:03,5101,17877,234608321
Tim Hardaway Jr,T_HardJR,305 / U of Michigan / DAL,WWJD / PPW / IG: TimmyJr10 / Maize & Blue,https://t.co/okV6f3GUnU,136887,511,1053,2011-01-04 16:01:15,437,1926,233990070
Robert Covington,Holla_At_Rob33,"Portland, OR",I love the person I am becoming. #ATF #33 #AllergicToFailure,https://t.co/WH6FXawC8Q,106575,427,674,2011-01-04 04:41:14,803,11949,233810051
Nerlens Noel,NerlensNoel3,,https://t.co/ET9ulSDios,https://t.co/vuW5NCN4IG,222260,260,1143,2011-01-03 04:51:05,212,4702,233414838
Trey Lylesîª,TreyLyles,IND-313âœˆï¸,"R.I.P Uncle Darryl R.I.P Grandma. I am nothing without God! Spurs, #UK",https://t.co/gCDtQzeWVv,106123,145,536,2011-01-01 17:50:49,2621,14029,232901524
Wesley Matthews,WessyWes23,,Trying to make my family proud and keep my head above water,,251377,210,1327,2010-12-30 03:58:15,8,6478,232049361
Terrence Ross,TerrenceRoss,"Orlando, FL",Orlando Magic Guard/Forward. Livin the dream... Ig: TerrenceRoss.,https://t.co/0ejaNuBB6i,203144,1364,995,2010-12-28 06:46:04,4194,4812,231335961
andrew wiggins,22wiggins,Toronto///Minnesota,3 dreams #Onegoal ////jayhawk ///NBA // Snapchat: wiggins22,,506486,406,1660,2010-12-27 22:31:27,283,1332,231209225
Justise Winslow,IAmJustise,,Living a blessed life... Htown made 7DAYSCOLLECTIVE,https://t.co/uuGy1YSoOZ,122992,513,701,2010-12-24 21:22:54,2866,9060,230278157
Matthew W. Thomas,Theiceman_21,"Chicago, IL",Chicago Bulls | Iowa State University | Onalaska WI,,34589,819,230,2010-12-08 18:17:53,2752,3482,224323175
Kristaps Porzingis,kporzee,"Dallas, TX","Born 02/08/95 in Liepaja, Latvia. Dallas Mavericks ğŸ€",,378007,262,1625,2010-12-04 21:58:01,3795,1617,222932212
Quinndary W.,IAM_QUINN11,"Canton,Ms",San Antonio Spurs ğŸ€,,11772,495,69,2010-12-04 16:22:40,3799,4073,222840403
Johnathan Williams,Iam_J3,"Memphis, TN",One of God's favorites #blessed #901,https://t.co/Fuksugd0Rg,8121,190,102,2010-11-19 00:48:55,5996,3679,217257283
Kevin Love,kevinlove,,https://t.co/RUkPL2wnQU,,3190653,574,6951,2010-11-18 19:10:05,1719,2742,217160945
DÄvis BertÄns,DBertans_42,,,,53132,198,314,2010-11-16 13:47:08,426,1929,216354223
Jordan McLaughlin,itsmclaughlin11,,University of Southern California Alum Minnesota Timberwolves #6 ğŸº #DenaxIExLAxNYxMN âœŒğŸ½#FightOn #Activated,https://t.co/voEngXj458,6443,814,81,2010-11-12 06:55:14,331,30787,214789418
Torrey Craig,TCraig_23,,Ig: TCraig23,,11309,197,133,2010-11-08 23:45:56,58,32874,213455037
william howard,whow25,,un seul amour Ã©ternel.. ğŸ¶,,2534,354,34,2010-10-31 17:22:29,11990,10856,210531829
Eric Paschall,epaschall,,Utah Jazz #takenote,,51333,638,329,2010-10-25 22:35:58,4957,2626,207723015
John Henson,Johnhenson31,,"â€”Tampa, FL",,109891,895,985,2010-10-05 16:21:02,446,12646,198932169
Mike Kidd-Gilchrist,MKG14,South Jersey,BeABlessing !! Instagram: @MKG14,,303888,218,1174,2010-09-26 18:52:01,43,4845,195450194
Josh Gray,ThatsJoshGray,,,,5144,17,56,2010-09-23 13:03:14,2544,470,194106274
Larry Nance Jr,Larrydn22,,Portland Trailblazers #11 @athletesvcrohns,https://t.co/ZBbIMXiDCi,312499,559,952,2010-09-15 19:23:58,5655,3292,191165672
Wes Iwundu,_Iwundu25,"Charlotte, NC",âš¡ï¸,https://t.co/9aBWapUDsp,13404,341,151,2010-09-15 02:21:33,4651,24579,190885289
Mason Plumlee,masonplumlee,"Detroit, MI",,https://t.co/Trm0EeFnso,83455,86,739,2010-09-13 00:02:18,512,1466,190059955
Matthew Dellavedova,matthewdelly,,,https://t.co/VnNI4FglQy,178108,1354,848,2010-09-09 04:52:16,4397,3455,188621689
Terry Rozier,T_Rozzay3,,gmb 4L Tbb WB 3025-3067  ğŸ‘»:Trozzay3 ğŸ’š,https://t.co/hMHcXLewvZ,175193,875,666,2010-09-07 23:51:18,2749,23214,188120286
Brad Wanamaker,phillybul_22,PHILLY,Former University of Pittsburgh Basketball player chasing a dream,,24679,642,263,2010-09-05 23:08:54,280,11877,187332522
Bol,BolBol,,,,80466,14,194,2010-09-04 23:15:27,223,104,186981881
Brandon Knight,Goodknight11,WorldWide,To God Be The Glory,https://t.co/Un1ZBOUaHF,202014,404,1230,2010-09-04 06:21:46,58,1498,186726223
Julius Randle,J30_RANDLE,,,,470291,357,0,2010-08-21 00:50:10,351,6171,180990505
Wilson Chandler,wilsonchandler,"Benton Harbor, MI",No particular way but our own,,147087,707,1203,2010-08-19 01:18:29,12866,403,180188862
Anthony Tolliver,ATolliver44,EVERYWHERE!,NBA Veteran and Entrepreneur!,https://t.co/wFYO2ZbTwU,40075,429,694,2010-08-09 06:35:51,3201,14486,176326208
Buddy Love !!!!,buddyhield,,BahamasğŸ‡§ğŸ‡¸                                                     Phil 4:13,,135799,1552,589,2010-08-04 03:37:07,7990,9240,174520063
JaMychal Green,Jmyke1,Montgomery,Denver Nuggets #0... Montgomery AL #GOD1st #MBK4LğŸ¦ #Proud Father #RIP Rod B I am My Brother's Keeperâ€¼ï¸ IG roadtoriches_0,,17755,690,317,2010-07-28 03:52:34,100,14236,171774400
Keef Morris,Keefmorris,,#PhillyMade #TeamFOE,,93703,609,875,2010-07-17 16:12:05,76,3537,167821244
Andre Roberson,FlyDre21,Brooklyn / 210 TX,Humble and Hungry!!!,,59178,455,410,2010-07-10 19:12:32,2514,10825,165152266
Brandon X. Ingram,B_Ingram13,"California, USA",They say the doors will open up as soon as you find the missing key,,346381,282,1305,2010-07-09 04:36:49,554,381,164557288
Nicolas Batum,nicolas88batum,France-USA-Cameroun,@LAClippers / Jordan athlete @jumpman23,https://t.co/2sZJ2nMwwS,1016066,664,2210,2010-07-08 16:06:53,312,9041,164326175
Vince Carter,mrvincecarter15,Atlanta/Orlando,VINCE CARTER......Think Before You Act!!!! https://t.co/4RisKntmPt https://t.co/OHuoSCk3ue https://t.co/FbyxLXyfB8 // @ESPN Analyst,,1052338,1782,3629,2010-07-04 22:59:18,13,13426,162869667
Anthony Davis,AntDavis23,,#23 IG: AntDavis23,,2187184,303,4682,2010-06-24 13:49:18,110,4939,159113258
Austin Rivers,AustinRivers25,,M.o.a.M,,289217,503,1487,2010-06-17 04:35:20,43,3636,156521166
Michael Carter-Willi,mcarterwilliams,,"Philippians 4:13 Former Syracuse Orangeman, Orlando Magic, MCWxNFT",https://t.co/SjS4a2Jv4w,125441,522,875,2010-06-15 02:25:25,710,12866,155782494
norman powell,npowell2404,,Understand The Grind,https://t.co/RHx9zcnCtJ,74027,395,439,2010-06-14 20:02:30,926,3398,155674676
Bradley Beal,RealDealBeal23,STL -- Gainesville -- DC,To God be the Glory ! Go Gators ! Play for the Washington Wizards ! Humble&Hungry  IG: BradBeal3 https://t.co/Pfs6T4cnmC,https://t.co/IU4iolCJ0j,650857,484,1767,2010-06-08 06:00:14,6045,19538,153307097
Derrick Favors,dfavors14,"Atlanta, GA","Dream Big,Work Hard",,148745,220,934,2010-06-04 03:11:09,359,1032,151728579
Richaun Holmes,Rich_Holmes22,,Official page of Richaun Holmes 6'10 forward for the Sacramento Kings Christ 1st all day,,33852,178,339,2010-06-03 01:57:23,135,29854,151284668
Rajon Rondo,RajonRondo,"Louisville, KY",,https://t.co/l1gBTdwOFY,1634411,100,7005,2010-06-02 00:06:58,23,1073,150846769
Mike Scott,mikescott,,| instagram @mikescottva |Media Inquires contact: @SimplySprtyChic. Undefeated at Tailgates.,https://t.co/ZiVixUMvff,73509,508,567,2010-05-31 19:18:59,792,19882,150367583
Hassan Whiteside,youngwhiteside,..miami hooping ,North Carolina raised 7Footer .. Going trigger happy just to see my people happy ..Born as a poor kid with wealth dreams .. Keep it 100 snapchat youngwhiteside,,179244,380,1056,2010-05-28 23:49:13,1822,4018,149308566
Marcus Morris,MookMorris2,LIVING,Proud Father! â€œKnowledge is ğŸ”‘â€,,149883,603,1139,2010-05-12 21:44:19,88,3733,143203547
James Ennis,JamesDa_Truth,"Orlando, FL",â€œEnnis The Menaceâ€ Hungry!! Proud Father!! God 1st before everything!! Grinding everyday!! #Teamnosleep #TeamDreamchaser #EnnisTheMenace,https://t.co/NBNz7GcKR3,31081,982,367,2010-05-12 18:05:55,5196,6754,143140326
Khem Birch,Khem_Birch,,Toronto Raptors C,,13515,127,204,2010-05-07 04:50:13,433,173,141090757
Raul Togni Neto,RaulTogni,Washington /Belo Horizonte,Washington Wizards  and Brazilian National Team Basketball player,,24354,135,342,2010-04-29 02:56:48,103,681,138273884
Semi Ojeleye,semi,Ottawa | Dallas | Boston ,"Lord, give me the grace to be the man of God that You created me to be *Mark11:22* IG @semi",https://t.co/EpF1xVkUcC,35452,251,0,2010-04-27 04:45:49,525,721,137583689
Alec Burks,AlecBurks10,,,,54768,438,718,2010-04-21 00:23:08,2,155,135323628
Frank Kaminsky III ğŸ¦›,FSKPart3,It Was All A Dream,After all this time? https://t.co/NpFoGPenqo,,212504,446,633,2010-04-20 03:57:15,2330,7090,135026973
Philly Cheese ğŸ§€,dionwaiters3,,Father first!!! https://t.co/VgS8wcPip1,https://t.co/qdRgT3HX0o,118808,1050,889,2010-04-19 02:30:27,54,19947,134653235
Montrezl Harrell,MONSTATREZZ,,#RMPğŸŒ #ğŸ¤·ğŸ¿â€â™‚ï¸ğŸ€â›¹ğŸ¿â€â™‚ï¸ #B4LâœŠğŸ¿ #Outta_World,,152778,1027,658,2010-04-16 13:37:36,2943,10140,133726414
John Wall,JohnWall,,Mamaâ€™s Boyâ¤ï¸â€¼ï¸,,1914803,2870,6115,2010-04-13 03:12:46,2813,25939,132389474
Gary Harris,thats_G_,"Orlando, FL",HHH â¤ï¸,,65097,661,557,2010-03-25 23:16:33,559,18921,126458229
JAE CROWDER,CJC9BOSS,MARS,I MADE MY DREAM REALITY.. {99},,194102,435,1078,2010-03-22 18:25:03,234,8459,125408809
Draymond Green,Money23Green,,Forward for the Golden State Warriors by way of Michigan State and Saginaw Michigan... Owner of Performance Inspired Nutrition,,1547015,926,3804,2010-02-22 16:39:20,69,19642,116485600
Nazareth J. Mitrou-Long,NazzyJML,,"III - Brescia, Italy. #DreamBig",,44486,154,194,2010-02-11 19:07:49,13108,10650,113434635
Kendrick Nunn,nunnbetter_,,,,37273,274,281,2010-01-25 00:52:16,567,9110,108147336
Derrick White,Dwhite921,"San Antonio, TX",#DTBG,,26150,368,244,2010-01-01 01:11:40,3707,5092,100874855
Damion Lee,Dami0nLee,"Baltimore, MD",Small Victories Win The War. #NoWhiteFlags #ForeverEver,https://t.co/SUoXwt3RZG,33061,824,208,2009-12-25 03:03:16,17671,288,99208535
Eric Bledsoe,EBled2,"birmingham, Al",Dnt be scared to imagine,https://t.co/DwZhUgNJT7,237447,625,1511,2009-12-22 07:18:55,54,4684,98576365
Cameron Payne,campayne,,Phoenix Suns ğŸŒµ..... Murray State UniversityğŸ‡ğŸ¾..... D.W.U.K.Dâ˜ï¸,,34812,1095,295,2009-12-14 06:09:50,2157,14887,96706848
CJ McCollum,CJMcCollum,,330~LU~BlazersğŸ™ŒğŸ¾ New PODCAST â€œPull Upâ€ SUBSCRIBE ğŸš¨ https://t.co/CXig1XW7br @pulluppod,,566061,2129,1988,2009-11-27 04:39:59,2704,20538,92903456
Patrick Beverley,patbev21,"ÃœT: 43.629131,-89.790635",Mr. 94 Feet,https://t.co/eKUq8Mt6G6,265411,243,1170,2009-11-24 18:54:06,156,9900,92337777
Reggie Bullock,ReggieBullock35,"ÃœT: 35.267006,-77.582052",#BROTHERHOOD #RIPMIA MIA HENDERSON Pro Basketball Player #godgiventalent #SO252,,99812,1185,902,2009-11-19 23:58:59,2272,16449,91225009
Evan Turner,thekidet,,the world can rush but i'll wait to be perfect,,199360,2699,1803,2009-11-19 16:09:44,3928,15940,91133460
Marco Belinelli,marcobelinelli,,,https://t.co/JaK8m09HR8,585121,437,1552,2009-11-10 09:24:58,870,7468,88890284
Victor Oladipo,VicOladipo,"Upper Marlboro, MD ",Young Mogul ğŸ‡³ğŸ‡¬ğŸ¦ğŸ‡ºğŸ‡¸ğŸ¤ğŸ€ğŸ’œâ˜®ï¸ Young Mogul ğŸ‡³ğŸ‡¬ğŸ€ğŸ¤ğŸ¦ğŸ‡ºğŸ‡¸â˜®ï¸ğŸ’œ Facebook: @VicOladipo Snapchat: Oladipo4 vicoladipo@7x.media,https://t.co/zQfZxVH1xt,319605,571,1374,2009-11-06 05:27:43,45,4090,87874905
INDIANA GEORGE HILL,George_Hill3,"Cleveland, OH",,,232259,224,1545,2009-11-03 01:31:30,29,13341,87080278
SLOWMO,KyleAnderson5,NJ/LA/Memphis,New Jersey / UCLA / Memphis Grizzlies,,53560,2056,550,2009-11-01 03:19:03,414,56796,86651903
Doug McDermott,dougmcdermott,,Indiana Pacers #20,,137995,386,752,2009-10-27 17:31:41,627,4284,85617701
Serge Ibaka,sergeibaka,"Los Angeles, CA",,,915512,198,3909,2009-10-07 03:23:09,611,7509,80480330
Al Horford,Al_Horford,,Official Twitter of NBA player Al Horford.,https://t.co/fACM4wz6K2,353112,287,2860,2009-09-29 02:30:39,7454,4505,78193153
Al-Farouq Aminu,farouq1,,,http://t.co/ZgbWJXzpOa,77921,61542,838,2009-09-24 00:49:40,41,6800,76809678
Meyers Leonard,MeyersLeonard,,,,170907,626,931,2009-09-22 01:01:53,66569,13734,76205861
Malik Beasley MB5,Mb5Malik,,"#Wolfpack NBA ..The only person stopping me is me #MB5 FSU Basketball, Jordan All-American, B.I.L. All-American, 2x State Champs Instagram: @mbeasy5",https://t.co/tdG2EKjfrT,23794,0,213,2009-09-16 22:27:29,3907,16525,74856177
Karl-Anthony Towns,KarlTowns,Wherever BBN takes me,Philippians 4:13,https://t.co/dAKKbc78Hf,618292,261,1833,2009-09-11 21:57:19,4084,6121,73495696
JosÃ© Juan Barea,jjbareapr,,,,282364,331,1605,2009-09-11 19:07:46,668,3068,73457606
Taj Gibson,TajGibson,"NYC, LA, ",Brooklyn Born USC Trojan Alum NBA Vet,https://t.co/vHefj0430E,324644,344,1966,2009-09-10 06:34:38,24,2319,73058561
Jordan Clarkson,JordanClarksons,,,https://t.co/1WseCdpl2g,444080,510,1209,2009-09-07 19:38:44,2478,16623,72362869
DANILO GALLINARI,gallinari8888,Italy,Basketball Athlete ğŸŒğŸ€â›¹ğŸ»â€â™‚ï¸ âœ‰ Marketing & Collab â¬‡ï¸ info@danilogallinari.org ğŸ’ª A tutto motoreğŸ’ª,https://t.co/fl9xyYZLJ9,693699,199,2716,2009-09-02 09:47:19,1014,7276,70926844
Drew Eubanks,DrewEubanks12,"Troutdale, OR",,,4670,304,83,2009-09-01 02:55:17,7115,470,70579753
trevorariza,TrevorAriza,Cali,"Tajh, Tristan and Taylor's Dad",,72356,437,1133,2009-08-28 04:09:02,30,2636,69500255
Tristan Thompson,RealTristan13,,Sacramento Kings.. University of Texas Alumni.. LaFamilia,,664830,296,1634,2009-08-18 22:03:30,1,6132,66816759
Quinn Cook,QCook323,,Dreams Come True! Hard Work Always Pays Off. RiP DAD!,,200371,1826,791,2009-08-10 19:50:35,1888,20605,64495435
Maurice Harkless,moe_harkless,,Queens made me,https://t.co/1nTG0HO8Xd,51372,560,531,2009-08-10 01:42:35,810,308,64307053
Lou Williams,TeamLou23,LOU-WILL-VILLE,,https://t.co/PrH5BAlX22,299020,828,0,2009-08-02 05:26:25,49,23771,62203990
JosuÃ©lito,J_Rich1,,â€œJosh Richardsonâ€ Stay down till you come up.,,80045,1354,522,2009-07-29 20:33:11,1399,13839,61288678
Mike Conley,mconley11,"Utah, USA","Point Guard, Utah Jazz. Husband and Father. #TakeNote Inquiries: tjordan@mikeconley11.com",https://t.co/QSETacj2V9,533299,289,1939,2009-07-23 00:01:20,2614,4429,59297233
Edmond Sumner,EdmondSumner,Detroit,Indiana Pacers.                                               Former Xavier University Basketball Player.,https://t.co/1ZEI2XNI7T,11361,143,158,2009-07-21 18:35:23,5336,1554,58876802
Khris Middleton,Khris22m,,Instagram: K_MID22,,99368,307,678,2009-07-21 01:56:41,267,2804,58667088
Troy Daniels,troydaniels,"Roanoke, Virginia",SG for the Denver @nuggets Proud @VCUAthletics alum For media/business inquiries: @laurenrenschler,https://t.co/tU1b5Wi49w,48386,939,371,2009-07-17 17:16:29,1612,7959,57698629
Patrick Patterson,pdpatt,"Los Angeles, CA",University of Kentucky - NBA. (Instagram pdpatt) Closer to My Dreams. #ManCity #Ravens,,181887,652,1528,2009-07-11 03:45:28,79,11608,55749605
Thad Young,yungsmoove21,In a gym/arena near you....,IG: thad.young21 @teamthad21 #FamilyFirst #TTN #BullsNation,https://t.co/IISOu8msQR,65818,991,873,2009-07-08 03:11:48,1741,9086,54780126
Jared Dudley,JaredDudley619,,Newest assistant coach for the Dallas Mavericks,,369625,2032,3532,2009-07-07 03:40:32,1138,28643,54438929
Ed Davis,eddavisXVII,"Richmond, VA",,,60310,525,1207,2009-07-06 23:50:20,0,2213,54378594
Chris Paul,CP3,,ğŸ’š: @chrispaulfamfdn ğŸ¥: @ohhdip,,8390698,931,14620,2009-07-05 06:25:22,1355,6491,53853197
Paul George,Yg_Trece,I'll tell you when I land,Don't tell me the sky is the limit when there are footprints on the moon! #PACKGANG #TRECE,,2387550,605,4625,2009-07-04 10:26:19,60,16923,53643297
DantÃ© Exum,daanteee,"Cleveland, OH",Cleveland Cavaliers,,66112,210,592,2009-07-03 14:41:59,72,840,53401921
James Harden,JHarden13,"Brooklyn, NY",NBA Player for the Brooklyn Nets.,,7226531,266,10014,2009-06-25 23:23:37,176,13219,50811932
Patrick Mills,Patty_Mills,,"Kokatha, Naghiralgal, Duaureb-MeriamğŸ‘£ Four Time Olympian ğŸ‡¦ğŸ‡º Rose Gold BoomersğŸ¥‰Australian Boomer #117",,418886,762,1876,2009-06-18 00:20:24,1069,16985,48176112
Robin Lopez,rolopez42,"Fresno, CA",The Screech Powers of the NBA...,https://t.co/FAHqsOW74L,161907,1060,1471,2009-06-17 16:56:47,4731,3316,48028402
Kyle Korver,KyleKorver,,"Born in Orange County, raised in Iowa. Milwaukee Bucks.",,227153,201,1952,2009-06-16 14:24:18,18,2611,47635525
DeAndre Jordan ğŸº,DeAndre,Houston ,"1/4 - I love Judge Judy, wolves, gluten-free vegan cookies, and guitar lessons.",https://t.co/ipAt0ER0ZH,1157730,321,3133,2009-06-16 01:38:45,1257,9885,47506568
Gordon Hayward,gordonhayward,,,https://t.co/9kozzhRExv,660319,146,2059,2009-06-12 17:43:49,30,2777,46704247
DeMar DeRozan,DeMar_DeRozan,,Born and raised in Compton.,https://t.co/HVeqXr6NUY,670670,425,3537,2009-05-31 07:29:26,334,8311,43658360
Stephen Curry,StephenCurry30,Worldwide,"Believer. Husband 2 @ayeshacurry, father to Riley, Ryan and Canon, son, brother. Warriors guard. Davidson Wildcat. BAYC. Philippians 4:13 #ChangeTheGameForGood",https://t.co/XHDgFiNajv,15534799,828,15041,2009-05-26 04:15:37,878,7579,42562446
Carmelo Anthony,carmeloanthony,WORLDWIDE,Official Page of Carmelo Anthony.,https://t.co/2KGXMjjgmj,9223162,382,17046,2009-05-25 10:30:34,101,3192,42384760
Garrett Temple,GTemp17,Chi/BR,1.GOD https://t.co/1ntV5xKQxn https://t.co/5NqiJwX4Jk. Chicago Bulls guard #17. APhiA: Truly Blessed!!!!!! IG: gtemp17,https://t.co/g0nENVwdId,26669,606,530,2009-05-22 17:43:46,2078,16802,41861751
LOONEY,Loon_Rebel5,"Milwaukee, WI",From Milwaukee to UCLA to Golden St . Warriors,,53584,775,462,2009-05-18 03:36:09,359,2066,40805394
Aron Baynes,aronbaynes,Phoenix AZ,Living day 2 day,https://t.co/2ZwaR6rgmS,69914,247,612,2009-05-17 00:12:07,40,1388,40571386
Seth Curry,sdotcurry,,Living life one day at a time! #GodsWorkNotMine,https://t.co/aaDONfei6g,331747,426,1432,2009-05-13 03:23:08,113,5739,39676694
Cory Higgins,chiggins11,,#22 FC Barcelona,,7620,160,143,2009-05-10 22:20:28,61,1259,39123663
Joe Ingles,Joeingles7,Australia,"Utah Jazz & Australian Basketball team!

Australian Boomer #116
Tokyo 2020 ğŸ¥‰
Euroleague Champion ğŸ†",,208642,473,1269,2009-05-05 21:35:02,1,17202,38026892
solomon hill,solohill,"south central, los angeles.",atlanta hawks basketball.,https://t.co/JF9IZSm1By,39631,321,461,2009-05-05 13:28:21,91,2769,37922674
Darius Miller,DmillerKY,KY,Blessed +,,166890,1093,883,2009-05-03 23:40:33,3856,24812,37534613
Rudy Gay,RudyGay,,Baltimore Native UCONN,,1222545,550,4667,2009-05-03 04:50:21,151,5508,37367041
Russell Westbrook,russwest44,"Los Angeles, CA",WHY NOT ?,https://t.co/da8rU1I43X,6776780,703,10012,2009-04-28 03:59:26,24,5951,35982046
Kevin Durant,KDTrey5,At the crib dog,"IM ME, I DO ME, AND I CHILL. @35ventures @boardroom",https://t.co/gf7hhjZ4WY,19303986,1475,24363,2009-04-28 01:14:36,1148,24374,35936474
Joe Crawford,JoeCrawford5,L.A,,http://t.co/rL0xyEY3kB,17003,371,462,2009-04-25 05:43:33,2276,8964,35158590
Sam Dekker,dekker,"Sheboygan, WI",Year 7 as a professional basketballer. Toronto Raptor. want-to-be generalist. doing my best to practice stoicism. brewers fan.,https://t.co/wVCjj19UXK,263702,795,605,2009-04-23 20:40:42,8971,7169,34722543
Blake Griffin,blakegriffin23,,,https://t.co/USIWsNWmHl,4504616,568,11505,2009-04-22 22:51:03,816,2828,34430522
Ricky Rubio,rickyrubio9,El Masnou,ğŸŒ¹,https://t.co/98QIUoGjRM,2881352,270,7805,2009-04-15 16:45:54,471,3830,31451582
Baze,24Bazemore,Carolina/ATL/LA,ğŸ¦,,74019,682,669,2009-04-07 02:23:02,1927,2092,29356531
malcolm delaney,foe23,Italy,"HOKIE alumni, east baltimores finest, FOE, OLIMPIA MILANO ğŸ€Instagram/snapchat: @foe2304",https://t.co/jeRjCrT5tS,19257,780,318,2009-04-01 14:16:31,4719,96867,28113288
Kyle Lowry,Klow7,In my mind,,,918535,339,2483,2009-04-01 07:03:03,335,7260,28066436
Thabo Sefolosha,ThaboSefolosha,"Salt Lake City, UT",Proud father of 2 ğŸ‘¼ğŸ½ and husband of a ğŸ‘¸ğŸ½ Every other night I play ğŸ€ for the Utah Jazz,https://t.co/dJKVzmYpui,158217,254,1398,2009-03-19 06:50:23,20,1054,25252511
BJ Johnson,Bj_metamorph,"ÃœT: 38.929996,-104.804285",,,1723,337,17,2009-03-18 22:33:08,370,498,25172210
Tobias Harris,tobias31,"Philadelphia, PA",@Sixers Forward. @Vol_Hoops alumni. Just walking in the path the Lord has laid out for meâ€¦,https://t.co/tzSaogw8Gj,238192,819,1424,2009-03-18 02:59:09,3768,25338,25015718
Javale McGee,JaValeMcGee,"Denver, CO",#BeGreat #PRAYFORFLINT ğŸ‘»:pierrepierre11 #SUNS CENTER ğŸ†ğŸ†ğŸ† 3 TIME NBA CHAMP ğŸ¥‡OLYMPIC GOLD MEDALIST GRAMMY NOMINATED #musicproducer #songwriter #investor,https://t.co/SigKuhvOpa,357845,669,2395,2009-03-17 04:20:57,448,12397,24838521
Marc Gasol,MarcGasol,Barcelona,Thalassophile  â€œBON VENT I BON VIâ€,,1237656,1362,4478,2009-03-14 20:21:52,1532,1203,24423418
LeBron James,KingJames,Amongst La Familia!,EST. AKRON - ST.V/M Class of '03 https://t.co/TrZZrgR90t #IPROMISE,https://t.co/mktrK2FH6c,50159608,182,45086,2009-03-06 16:25:53,148,8012,23083404
Tyson Chandler,tysonchandler,,https://t.co/bGqten8GNX,,779730,198,3848,2008-12-09 01:38:01,1352,2539,17980124
Dwight Howard,DwightHoward,Atl,Be Great,https://t.co/sxJtgQkmei,6402392,7143,18060,2008-10-16 19:42:00,989,23522,16812787
