Rk,Player,Twitter
1,Fabricio Oberto,obricio7
2,Royce White,Highway_30
3,Cristiano Felício,IamFelicio
4,Petr Cornelie,Petr_Cornelie
5,Rodions Kurucs,RODIONS1
6,Wesley Saunders,shyxxm
7,Jarred Vanderbilt,JVando
8,Hassan Whiteside,youngwhiteside
9,Robert Upshaw,UPSHAW50
10,Marcus Paige,marcuspaige5
11,Bruce Brown,BruceBrown11
12,Bismack Biyombo,bismackbiyombo
13,Cliff Alexander,CAlexander
14,Cory Higgins,chiggins11
15,Abdel Nader,AbdelNader2
16,Hamidou Diallo,hamidoudiallo
17,Melvin Ejim,MelvinEjim
18,De'Anthony Melton,DeAnthonyMelton
19,Andray Blatche,drayblatche
20,Terran Petteway,_TP5
21,Tyrone Wallace,TyWallace661
22,Sviatoslav Mykhailiuk,Sviat_10
23,T.J. McConnell,TJMcConnell
24,Marshall Plumlee,marshallplumlee
25,Keita Bates-Diop,KBD_33
26,Scottie Wilbekin,scottiew_5
27,Chimezie Metu,Chimezie_Metu
28,Jordan Williams,Jwilliams20
29,Alize Johnson,AlizeJohnson
30,Darington Hobson,ParkaySmooth
31,Lou Williams,TeamLou23
32,Aaron Harrison,AaronICE2
33,Tony Carr,Tone10Carr
34,Zaza Pachulia,zaza27
35,Christian Wood,Chriswood_5
36,Mindaugas Kuzminskas,MKuzminskas
37,Vince Edwards,VE_12
38,Jeremy Pargo,ImJustPargo
39,Boban Marjanović,BobanMarjanovic
40,Stefan Janković,StefanJ33
41,Jonathon Simmons,ThaRealJsimms
42,Dorian Finney-Smith,doefinney_10
43,Shake Milton,SniperShake
44,Tyler Honeycutt,thoneycutt23
45,Okaro White,owhite10
46,Arnoldas Kulboka,kulboka98
47,Craig Brackins,Cbrackins_33
48,Axel Toupane,toups_33
49,Danuel House,DanuelHouseJr
50,Ray Spalding,RaySpalding_4
51,Terrence Williams,TheRealTWill
52,Shannon Scott,3SScott
53,Nicolás Brussino,nicoobrussino
54,Kevin Hervey,kherv_25
55,Dennis Horner,DHorner31
56,Ryan Arcidiacono,RyArch15
57,Thomas Welsh,tomwelsh40
58,Jarrid Famous,MrFamous_CME
59,Bryn Forbes,BrynjForbes
60,George King,2bkings
61,Lester Hudson,Lester26Hudson
62,Fred VanVleet,FredVanVleet
63,Kostas Antetokounmpo,Kostas_ante13
64,Primož Brezec,Primozbrezec
65,Chris Hunter,biggame_hunter
66,Salah Mejri,50Mejri
67,Matt Costello,MattCostello10
68,Malik Newman,iammaliknewman
69,Kyle Collinsworth,bigrussia5
70,Jaylen Adams,10jadams
71,Egidijus Mockevičius,Egidijus55
72,J.P. Macura,jpmacura
73,Jon Brockman,MrJonBrockman
74,Terrico White,TerricoWhite5
75,Keith Hornsby,KHornsby4
76,Kendrick Perkins,KendrickPerkins
77,Treveon Graham,TreBall21
78,Jameel Warney,Fullcoursemeelz
79,Jared Terrell,TheJaredTerrell
80,Serge Ibaka,sergeibaka
81,Yogi Ferrell,YogiFerrell11
82,Ángel Delgado,AngelDelgado
83,Levi Randolph,LeviRandolph20
84,Sheldon Mac,sheldonmacc
85,Billy Preston,nolimitbill
86,Malcolm Miller,MalcMili13
87,Beau Beech,beaubeech02
88,Deonte Burton,DeeBurton30
89,Ersan İlyasova,Ersan
90,Mike Tobey,miketobey10
91,Duncan Robinson,D_Bo20
92,Tim Quarterman,TimQuarterman1
93,Ryan Broekhoff,RBroekhoff45
94,Leandro Barbosa,TheBlurBarbosa
95,Derrick Brown,D_Brown4
96,Mickey McConnell,MickeyMcConnell
97,Patricio Garino,patitogarino
98,Keenan Evans,K3vans12
99,Sam Young,SamYoung4
100,Brad Wanamaker,phillybul_22
101,Ron Baker,RonBaker31
102,Mickaël Piétrus,MickaelPietrus
103,Troy Williams,troywilliams_
104,Garlon Green,G650G
105,Obi Toppin,obitoppin1
106,Jarrod Uthoff,Mr_Uthoff
107,Yuta Watanabe,wacchi1013
108,LaMelo Ball,MELOD1P
109,Darnell Jackson,DBlock_Official
110,Luke Zeller,LukeZeller40
111,Mustapha Farrakhan,lilmu2
112,Wayne Selden,WayneSeldenJr
113,Kenrich Williams,williamskenrich
114,Onyeka Okongwu,BigO21_
115,Luke Sikma,LCSikma43
116,Chasson Randle,ChassonRandle
117,Joel Berry,JoelBerryII
118,Deni Avdija,deniavdia8
119,Yanick Moreira,Ymoreira02
120,Trevon Duval,DatGuy_Trey
121,James Wiseman,BigTicket_JW
122,Marcus Georges-Hunt,GTMGH3
123,Rawle Alkins,Iam_RawleAlkins
124,Killian Hayes,iam_killian
125,Terry Porter,terryporter30
126,Michael Stockton,MikeStock20
127,Alex Poythress,AlexTheGreat22
128,Daryl Macon,_dmacon4
129,Isaac Okoro,isaacokoro303
130,John Holland,Jholland_23
131,Zach Auguste,ZachEliAuguste
132,Yante Maten,YoungMoney_11
133,Tyrese Haliburton,TyHaliburton22
134,Damion James,KONJames10
135,Cat Barber,catbarber1994
136,Terry Larrier,_TL22
137,Stephan Hicks,SmoovSteph
138,Aaron Nesmith,aaronnesmith24
139,Wenyen Gabriel,WenyenGabriel
140,Tyrese Maxey,TyreseMaxey
141,Ryan Thompson,RyT5
142,Andrew Andrews,Drew_squared
143,Brandon McCoy,Mccoy_blvd
144,Saddiq Bey,_Beyyy15
145,Pablo Prigioni,PPrigioni9
146,Ricky Ledo,REALRICKLEDO1
147,Jacob Pullen,Jpullz0
148,Rasheed Sulaimon,sheed_ctmd1
149,Precious Achiuwa,PreciousAchiuwa
150,Nick Zeisloft,n_zeis2
151,Jairus Lyles,_jlyles
152,Cole Anthony,The_ColeAnthony
153,Matt Janning,mjanning23
154,Quincy Ford,Qman_12
155,Jordan McLaughlin,itsmclaughlin11
156,Kendrick Nunn,nunnbetter_
157,Isaiah Stewart,Dreamville_33
158,Othyus Jeffers,OthyusTheGreat
159,Jonathan Gibson,jgiblife
160,D'Vauntes Smith-Rivera,DSR43
161,Johnny Hamilton,johnny_tall
162,R.J. Hampton,RjHampton14
163,D.J. Stephens,DdotJAY30
164,Lazeric Jones,Zeek_Jones11
165,Theo Pinson,tpinsonn
166,Tim Bond,itsbout_TIM
167,Devin Vassell,Yvngdevo
168,Scotty Hopson,Shopson32
169,Nikola Jovanović,Nik_Jovanovic
170,Codi Miller-McIntyre,CMMPatience
171,Xavier Tillman Sr.,Rookiedunker
172,C.J. Williams,C_Will21
173,Braian Angola,Angola2411
174,Haywood Highsmith,Bigscony
175,Kira Lewis Jr.,kiralewisjr
176,Jonas Jerebko,JonasJerebko
177,Dante Exum,daanteee
178,Jalen Smith,thejalen_smith
179,Derrick Caracter,RebuildCaracter
180,Eugene Jeter,PoohJeter
181,Jusuf Nurkić,bosnianbeast27
182,Damion Lee,Dami0nLee
183,Johnathan Williams,Iam_J3
184,Bruno Caboclo,Bruno_Caboclo
185,J.J. Avila,NotLilJay
186,Gary Clark,Gary11_Clark
187,Amir Johnson,IamAmirJohnson
188,Clint Capela,CapelaClint
189,Garrett Stutz,Gstutz41
190,Derrick Jones Jr.,TheRea1DJones
191,Jaylen Barford,Jbarford1
192,Daniel Oturu,oturu65
193,Bogdan Bogdanović,LeaderOfHorde
194,Shaquille Harrison,ShaqHarrison_3
195,Isaiah Wilkins,isaiahwilkins21
196,Dairis Bertāns,DairisBertans
197,Patrick Williams,patricklw4
198,Armon Johnson,AJALLDAY1
199,Damien Inglis,DamienINGLIS
200,Lamont Mack,MONT_MACK
201,Kyle Wiltjer,kwiltj
202,Zach Smith,SuperDuperZach
203,Zeke Nnaji,ZekeNnaji_Hoopz
204,Thanasis Antetokounmpo,Thanasis_ante43
205,Mac Koshwal,Macmainstreet
206,Gary Payton II,GaryPaytonII
207,Norvel Pelle,NorvelPelle05
208,Cody Demps,CodyDemps
209,Jaden McDaniels,Jmcdaniels7
210,Avery Johnson,CoachAvery6
211,Isaiah Taylor,Zay_Ctmd11
212,Emanuel Terry,EmanuelTerry08
213,Dusty Hannahs,D_Hannahs
214,Alex Caruso,ACFresh21
215,Jordan Loyd,mrjloyd
216,Jemerrio Jones,JemerrioJ
217,Nemanja Dangubić,DangubicNemanja
218,Xavier Gibson,zaygibson
219,Jordan Barnett,JBounce33
220,Jamarr Sanders,2_E_A_Z_Y
221,Thomas Walkup,twalkup23
222,Rob Gray,iRob_G
223,Omri Casspi,Casspi18
224,Nicolás Laprovíttola,nicolapro7
225,Zion Williamson,Zionwilliamson
226,Gracin Bakumanya,gbakumanya
227,Zach Lofton,ZachLofton
228,Ja Morant,JaMorant
229,Kamar Baldwin,kamar3baldwin
230,JaKarr Sampson,KarrSampson14
231,Derek Cooke,DCookeJr
232,RJ Barrett,RjBarrett6
233,Desmond Bane,DBane0625
234,Ronald Roberts,RonaldRoberts5
235,Malcolm Delaney,foe23
236,Josh Magette,joshmagette
237,Marcus Lee,JustMarcusLee
238,De'Andre Hunter,DreHunter
239,Patrick Richard,prichard_3
240,Isaac Haas,theoriginalhaas
241,Darius Garland,dariusgarland22
242,Leandro Bolmaro,BolmaroLeandro
243,Jack Cooley,JackCooligan45
244,Vernon Goodridge,VeEG00D
245,Vashil Fernandez,vashilluv_bball
246,Jarrett Culver,jarrettc08
247,Eric Moreland,EricMoreland15
248,Coby White,CobyWhite
249,Victor Claver,Victor_Claver
250,Darius Johnson-Odom,KingMe_DJ1
251,Mamadou N'Diaye,mamadoundiaye14
252,Elijah Stewart,Lou_weezy_ana
253,Jaxson Hayes,hayes_jaxson
254,Kyle Kuric,KingKK_14
255,Le'Bryan Nash,LBgetbuckets02
256,DeVaughn Akoon-Purcell,dap44_
257,Rui Hachimura,rui_8mura
258,Tony Taylor,2cooltone
259,Doral Moore,2talldemondeac
260,Cam Reddish,camreddish
261,DeQuan Jones,DequanMJones
262,Eric Griffin,EGRIFFDASTORY
263,Romero Osby,ROEOSBY24
264,David Nwaba,dnwaba0
265,Trey Lewis,Treylew3
266,Jared Berggren,jberggren40
267,Donte Grantham,DonteGrantham32
268,P.J. Washington,PJWashington
269,Damjan Rudež,Damjan_Rudez
270,Keith Clanton,Im_Keithclanton
271,Markelle Fultz,MarkelleF
272,Brandon Goodwin,goodysav
273,Tyler Herro,raf_tyler
274,CJ Elleby,EllebyCj
275,Lonzo Ball,ZO2_
276,Gabe York,gabeyork32
277,Romeo Langford,yeahyeah22
278,Sherron Collins,SHERRONCOLLINS4
279,A.J. Slaughter,ajslaughter8
280,Jayson Tatum,jaytatum0
281,JaMychal Green,Jmyke1
282,Rodney Williams,YeahRod24
283,Josh Jackson,j_josh11
284,Jeff Roberson,j5robe
285,Nickeil Alexander-Walker,NickeilAW
286,Josh Davis,JoshDavis_22
287,Khalif Wyatt,KhalifW05
288,De'Aaron Fox,swipathefox
289,Nick King,CrownMeKing5_
290,Goga Bitadze,GogaBiitadze
291,Trent Forrest,TForrest_11
292,Patric Young,PatricYoung4
293,Trevor Mbakwe,TMbakwe32
294,Jonathan Isaac,JJudahIsaac
295,Justin Bibbs,JustinBibbs10
296,Luka Šamanić,SamanicLuka
297,Daequan Cook,DC4Three
298,Bojan Bogdanović,44Bojan
299,Jayson Granger,jaygranger11
300,Lauri Markkanen,MarkkanenLauri
301,Desi Rodriguez,desirodriguez6
302,Matisse Thybulle,MatisseThybulle
303,Tim Abromaitis,timabro21
304,Frank Ntilikina,FrankLikina
305,Chris Chiozza,Chiozza11
306,Brandon Clarke,brandonclarke23
307,Kris Joseph,RealKrisJo
308,James Ennis,JamesDa_Truth
309,Omar Reed,DaJuice55
310,Dennis Smith Jr.,Dennis1SmithJr
311,Tiwian Kendley,princeofharlem8
312,Grant Williams,Grant2Will
313,Enes Kanter,EnesKanter
314,Travis Peterson,TPeterson42
315,Zach Collins,zcollins_33
316,Scoochie Smith,scoochstackin
317,Markus Howard,markushoward11
318,David Stockton,dstockton32
319,Korie Lucious,KorieLucious
320,Malik Monk,AhmadMonk
321,Deng Adel,Foreverdeng
322,Nassir Little,2ez_nassie
323,Elijah Hughes,elijahhughes4_
324,Jarell Eddie,JarellEddie
325,Luke Kennard,LukeKennard5
326,Bonzie Colson,Bacolson35
327,Dylan Windler,Dylan_Windler23
328,Isaiah Joe,zai_joe1
329,Joe Crawford,JoeCrawford5
330,E.J. Singler,EJSingler
331,Donovan Mitchell,spidadmitchell
332,Robert Johnson,RoJoJr
333,Mfiondu Kabengele,Mfiondu
334,Mason Jones,masonjones2
335,Casey Prather,cprather24
336,Jamelle Hagins,JamelleHagins
337,Bam Adebayo,Bam1of1
338,Kaiser Gates,Kaisergates
339,Nathan Knight,nateknght
340,Jamil Wilson,jamilwilson_22
341,Myck Kabongo,MyckK9
342,Justin Jackson,JJacks_44
343,Ike Nwamu,ike_nwamu
344,Keldon Johnson,imthe_truth32
345,Andre Dawkins,dre_dawkins
346,Michael Dunigan,DarknessRises17
347,Justin Patton,JustinPatton17
348,Tyrius Walker,iam_twalk
349,Saben Lee,SabenLee
350,Shawn Jones,Slim_J12
351,D.J. Wilson,Lanky_Smoove
352,Drew Eubanks,DrewEubanks12
353,Nicolas Claxton,_claxton33
354,Jackie Carmichael,Jackie_C32
355,T.J. Leaf,leafsquad22
356,Scottie Lindsey,ScottieLindsey
357,KZ Okpala,kz_okpala_
358,Khem Birch,Khem_Birch
359,John Collins,jcollins20_
360,Jonathan Stark,jonathanstark02
361,Carsen Edwards,Cboogie_3
362,Skylar Mays,skylarmays4
363,Langston Galloway,LangGalloway10
364,Amath M'Baye,Amath22Juice
365,Harry Giles,HGiiizzle
366,Ismaila Kane,ladsame1997
367,Bruno Fernando,BrunoFernandoMV
368,Travis Wear,traviswear
369,Rašid Mahalbašić,RasidMahalbasic
370,Terrance Ferguson,Fergskii
371,Cameron Reynolds,CamoCinco
372,Didi Louzada,Didi
373,Abdoulaye N'Doye,Ndoye_11
374,Aaron Craft,ACraft4
375,Rodney Green,rodneygreen10
376,Jarrett Allen,_bigjayy_
377,Nuni Omot,nuniomot21
378,Cody Martin,cody_martin15
379,Mitchell Watt,mitchell_watt
380,Tyler Lydon,Tyler_Lydon14
381,Brandon Austin,Jumpman_BA
382,Daniel Gafford,Dan_G33
383,Jordan Henriquez,TooTall2KnoSo1
384,Anžejs Pasečņiks,AnzejsP
385,Devin Davis,DevDavis15
386,Alex Oriakhi,aoriakhi42
387,C.J. Leslie,ncsu_cleslie
388,Caleb Swanigan,calebswanigan50
389,Phillip Carr,PhilippeChow_
390,Eric Paschall,epaschall
391,Eloy Vargas,EVargas30
392,Kyle Kuzma,kylekuzma
393,Taren Sullivan,sullyballer1423
394,Admiral Schofield,admiralelite15
395,Payton Pritchard,paytonpritch3
396,Liam McMorrow,TheLiamMcMorrow
397,Tony Bradley,ToBrad1
398,Gabe Vincent,iamgabevincent2
399,Jaylen Nowell,JaylenNowell
400,Pierre Jackson,PAPPYGAWD
401,Derrick White,Dwhite921
402,Billy Garrett,BGarrett_5
403,Isaiah Roby,roby_isaiah
404,Immanuel Quickley,IQ_GodSon
405,Dennis Schröder,DennisMike93
406,Max Kouguere,MaxOnTwitter
407,Josh Hart,joshhart
408,Paul Watson,_PWJiii
409,Talen Horton-Tucker,Thortontucker
410,Zeke Marshall,Ziggy_Marsh
411,Frank Jackson,FWJackson15
412,Jeff Coby,JC40A3
413,Ignas Brazdeikis,_iggy_braz
414,Tyler Johnson,Pusha650
415,Davon Reed,ClutchREED_5
416,Isaac Humphries,IsaacHumphries7
417,Terance Mann,terance_mann
418,Wesley Iwundu,_Iwundu25
419,Donte Ingram,kingram_0
420,Quinndary Weatherspoon,IAM_QUINN11
421,Lamar Stevens,LamarStevens11
422,Brock Motum,brockm12
423,Scott Wood,ScottWood15
424,Frank Mason III,FrankMason0
425,C.J. Anderson,cjanderson_23
426,Jarrell Brantley,jstuntbrantley
427,Thabo Sefolosha,ThaboSefolosha
428,Tarik Black,TarikBlack25
429,Kenny Kadji,KadjiKenneth
430,Ivan Rabb,YoungIvee
431,Tremont Waters,WatersTremont
432,Brady Heslip,bradyheslip
433,Jonah Bolden,Jonahbolden43
434,Jalen McDaniels,jalenmcdaniels5
435,Killian Tillie,KillianTillie
436,Deonte Burton,DeonteBurton
437,Semi Ojeleye,semi
438,DJ Hogg,Dj_hogg1
439,Justin Wright-Foreman,JayWright_3
440,Tim Frazier,Timfraz23
441,D.J. Seeley,vitaminDseeley
442,John Petrucelli,John_Petrucelli
443,Marial Shayok,MarialShayok
444,Rodney McGruder,RodneyMcGruder
445,Jawun Evans,j3vans1_
446,Ángel Rodríguez,angel13pr
447,Kyle Guy,kylejguy
448,Christian Watford,Cwat205
449,Raphiael Putney,RRPUTNEY3
450,Jaylen Hands,JHANDS08
451,Abdul Gaddy,Gaddy253_
452,Tyler Dorsey,TDORSEY_1
453,Jordan Bone,JordanBone23
454,Kevin Séraphin,french_savage
455,Kalin Lucas,Kjay24k
456,Durand Scott,durand_scott
457,Thomas Bryant,nolimittb31
458,William Lee,Haha34lee1
459,Miye Oni,PrinceOni13
460,Vit Krejci,v_krejci
461,Joe Ingles,Joeingles7
462,Isaiah Hartenstein,Ipjh55
463,Canyon Barry,cbarry719
464,Dewan Hernandez,DewanGoesFor_20
465,Justinian Jessup,justinian_10
466,Akil Mitchell,ajmitchell25
467,Anthony Marshall,ANT_MARZ3
468,Demetrius Denzel-Dyson,DenzelDyson22
469,Nicolò Melli,NikMelli
470,Brandon Triche,BrandonTriche
471,Dillon Brooks,dillonbrooks24
472,Roscoe Smith,scoesh0w
473,Sterling Brown,thatnegus_sb
474,Naz Reid,NazReid
475,Jerel McNeal,jerel_mcneal
476,Ike Anigbogu,IkePostrs_
477,Tornike Shengelia,TokoShengelia23
478,Zach Andrews,21zachandrews
479,Sindarius Thornwell,Sin_City_803
480,Sean Kilpatrick,SeanKilpatrick
481,Vlatko Čančar,CancarVlatko
482,Charlie Brown,charleskbrownjr
483,Zabian Dowdell,zayrd1
484,Álex Abrines,alexabrines
485,Mathias Lessort,ThiasLsf
486,Dean Wade,deanwade3232
487,Lance Goulbourne,Lg5live
488,Monte Morris,BigGameTae
489,Jared Harper,Therealvinoo
490,Anthony Edwards,theantedwards_
491,Goran Dragić,Goran_Dragic
492,Raul Neto,RaulTogni
493,Edmond Sumner,EdmondSumner
494,Jaylen Hoard,JaylenHoard
495,Kadeem Allen,AllenKadeem
496,John Konchar,konchjitty55
497,Jae'Sean Tate,o_tate_
498,Arsalan Kazemi,kazemiworld
499,O.D. Anosike,Anosike_1
500,Alec Peters,petersalec
501,Kris Wilkes,kadw31
502,Joffrey Lauvergne,1JOLOLO
503,Jabari Bird,Jabari_Bird
504,Louis King,SweetLouu2
505,Xavier Silas,XavierSilas
506,Deshaun Thomas,Deshaunthomas_0
507,Laurence Bowers,LBowers_21
508,Luguentz Dort,luthebeast
509,Garret Siler,Big_G_21
510,Gerald Robinson,GRJR22
511,Jaron Blossomgame,JaronBgame
512,Jānis Timma,janis_timma
513,Robert Franks,RoBo_22
514,Sean Singletary,SeanSingletary
515,Tomáš Satoranský,satoransky
516,Travis Releford,T_2releFOUR
517,OG Anunoby,OAnunoby
518,Zach Norvell,ZachN_23
519,Luke Kornet,bigshin32
520,Zylan Cheatham,1KingZ4
521,Furkan Aldemir,furkanaldemir19
522,Scott Suggs,scottro15
523,Kobi Simmons,JordanKobi
524,Josh Reaves,jreaves23
525,Devin Ebanks,DevinEbanks3
526,Tomislav Zubčić,TomislavZubcic7
527,Clint Chapman,ChapFTW
528,Michael Young,Showwtimee2
529,Tyler Cook,iamtc25
530,İlkan Karaman,ilknkrmn
531,Jordan Taylor,JMTaylor11
532,Jeremy Morgan,jmodashow20
533,Kelan Martin,kelan30_
534,Marcus Denmon,MizzouMonster12
535,Devin Booker,DevinBooker31
536,Miloš Teodosić,MilosTeodosic4
537,Aric Holman,AricHolman
538,Dāvis Bertāns,DBertans_42
539,Andrew Lawrence,Adrlawrence
540,Cameron Oliver,SpaceCamm
541,Caleb Martin,Calebmartin14
542,Maurice Sutton,LordSuttonJr
543,Jalen Moore,JalenMoore14
544,Chris Clemons,idropcoldbucks
545,Junior Cadougan,JRwontLOSE
546,Alfonzo McKinnie,_Alvo_
547,Jerry Smith,JSmith_8
548,Mike Bruesewitz,mbruesewitz31
549,JeQuan Lewis,thatlewiskid1
550,Dakota Mathias,DMathias31
551,Bronson Koenig,BronsonK_24
552,DaQuan Jeffries,daquanjeffries2
553,Travis Leslie,FlightLeslie23
554,Nolan Smith,NdotSmitty
555,Dexter Strickland,BadenJaxen_
556,Maxi Kleber,MaxiKleber
557,Dedric Lawson,DSmoove1_2many
558,Scoop Jardine,scoopjardine
559,Devin Robinson,drob7nson
560,Devontae Cacok,Vontae__15
561,Kim English,Englishscope24
562,Nemanja Bjelica,NemanjaBjelica
563,Antonio Blakeney,blakeney96
564,Donta Hall,_DatBoi05
565,Chris Boucher,chrisboucher
566,Hassani Gravett,BestThingSince_
567,Latavious Williams,taybowl_
568,Ricky Harris,RickyHarris5
569,Royce O'Neale,BucketsONeale00
570,Isaiah Miles,freakyzeke_32
571,Keydren Clark,KeydrenClark
572,Torrey Craig,TCraig_23
573,Patrick Ewing,pewingjr6
574,Brandon Paul,BP3
575,Kennedy Meeks,Asapmeeks03
576,Jakeenan Gant,JakeenanG23
577,Christian Eyenga,christeyenga31
578,Sergio Llull,23Llull
579,Thomas Abercrombie,tomabo10
580,Matt Williams,1mattwill2
581,Festus Ezeli,festus
582,Jake Cohen,jacohen15
583,Derrick Walton,DerrickWalton10
584,Javonte Green,2Xtremebounce
585,Shaun Livingston,ShaunLivingston
586,Daniel Theis,dtheis10
587,Jeremiah Martin,4k_Jeremiah
588,Trent Lockett,T_Lockett24
589,Landry Nnoko,landry_nnoko
590,Josh Perkins,JoshPerk13
591,C.J. Aiken,cjaiken01
592,Will Clyburn,Da_Thrill21
593,Gian Clavell,clavelito04
594,Justin Robinson,5Alive_
595,Olu Ashaolu,O_Ash
596,Kyle Randall,KRandy_12
597,Mangok Mathiang,M_Mango32
598,Kavell Bigby-Williams,Kavell6ft11
599,Kyle Barone,KB33_
600,Alade Aminu,Aminu_34
601,Charles Cooke,c4_cooke
602,Kyle Alexander,KyleJamal4
603,Darius Bazley,BazleyDarius
604,T.J. Williams,GogettaTJWill
605,Luke Maye,luke_maye
606,Jonathan Bender,jonathanbender9
607,Vince Hunter,2easy32
608,Isaiah Hicks,IDHicks
609,Oshae Brissett,Obrissy
610,Marcelo Huertas,Huertas09
611,Milton Doyle,MDLU35
612,Phil Booth,Philb_5
613,Tyson Chandler,tysonchandler
614,Scott Machado,_ScottMachado
615,Jeremy Senglin,Jsenglin_30
616,Shamorie Ponds,ShamorieP
617,Glen Dandridge,GD25
618,Vernon Macklin,vernon_macklin
619,Georgios Printezis,pripripri15
620,PJ Dozier,Dozier_Kid
621,Stanton Kidd,StantonKidd11
622,Stephen Dennis,SDennis14
623,Nick Wiggins,Wiggys__WORLD
624,V.J. Beachem,VJBeachem
625,Tacko Fall,tackofall99
626,Amar'e Stoudemire,Amareisreal
627,Jon Horford,Jon_Horford
628,Jacob Wiley,Jwiley_24
629,Josh Hall,jay5mula
630,Nnanna Egwu,egwu_32
631,Ben Moore,JaminTheFiend
632,Vic Law,Followthe_LAW
633,C.J. Harris,cjharris11
634,Jordan Sibert,Smooth_Jordan
635,Antonius Cleveland,ac_uno1
636,William Howard,whow25
637,Nenê,NeneHilario42
638,Ian Mahinmi,ianmahinmi
639,Andrew White,AndrewWhite03
640,Nigel Hayes,NIGEL_HAYES
641,Todd Withers,DatDude_Todd
642,Stephen Jackson,DaTrillStak5
643,Jamel Artis,melartis1
644,Daulton Hommes,dchommes
645,Michael Holyfield,holybigfella
646,Troy Caupain,caupain10
647,Alex Robinson,arob25_
648,Thon Maker,ThonMaker14
649,Cenk Akyol,cenkakyol
650,Xavier Rathan-Mayes,xrm_22
651,Jalen Lecque,jalenlecque10
652,Vanja Marinković,vanjam32
653,Dan Nwaelele,DanielNwaelele
654,London Perrantes,London_Tyus
655,Vincent Poirier,viinze_17P
656,L.J. Peak,ljpeak1
657,Devin Sweetney,DSweetney1
658,James Blackmon,JBlackmon2
659,Earl Monroe,EarlThePearl_15
660,Evan Fournier,EvanFourmizz
661,Tyler Cavanaugh,tycav34
662,Juwan Morgan,juwanmorgan
663,Emmanuel Mudiay,emmanuelmudiay
664,Matt Jones,matt9jones
665,Kenny Wooten,kennywootenjr
666,Chamberlain Oguchi,ChampOguchi
667,Edgar Sosa,Edgarsosa10
668,Trey McKinney-Jones,TreyMJ04
669,Terence Davis,TerenceDavisJr
670,Jermaine O'Neal,jermaineoneal
671,Naz Mitrou-Long,NazzyJML
672,Rayjon Tucker,th3flighttuck
673,Alexandre Paranhos,paranhos_24
674,Jermaine Taylor,jtaylor8ball
675,Corey Webster,cwebster9
676,Isaiah Briscoe,ZayBriscoe
677,Will Cummings,willcummings_
678,Peter Jok,Jok_City14
679,Lamar Peters,headshotpeters_
680,Matt Pressey,M_Pressive3
681,Denzel Livingston,denzel_trey10
682,Armoni Brooks,snipabrooks_
683,Mitchell Robinson,23savage____
684,Justin Simon,simon_Says_so
685,Dennis Rodman,dennisrodman
686,Elijah Millsap,Elijah_Millsap
687,Chris Walker,kingsky23
688,Marques Bolden,MarquesB__
689,Issuf Sanon,SanonIssuf
690,Jordan Bachynski,BLOCKchynski
691,Terry Henderson,t_henny3
692,Matt Mooney,MoonSwag13
693,Jay Scrubb,jayscrubb
694,Talib Zanna,TalibZanna
695,Jaylen Johnson,JayGlooo10
696,Mychal Mulder,MychalMulder
697,Angelo Sharpless,Lo_Tatted
698,JaJuan Johnson,JaJuanJohnson
699,Marko Simonovic,simke12
700,Mychel Thompson,MychelThompson
701,Drew Crawford,TheRealDrewski1
702,Tre Kelley,TreKel1ey
703,Michael Snaer,MichaelSnaer21
704,Richard Solomon,richxsolo3
705,Greg Whittington,Built4Bucketz
706,Jordan Mathews,JordanMathews22
707,Chace Stanback,ChaceStanback
708,C.J. Fair,cjfair
709,Luke Petrasek,Luke_Petrasek
710,Lindell Wigginton,Lwigginton5
711,Juwan Staten,JuwanStaten3
712,Quinn Cook,QCook323
713,Amida Brimah,amidabrimah
714,Moses Brown,MosesBrown_
715,Chris Crawford,clutchcrawford3
716,Bryce Alford,balford20
717,Juan Toscano-Anderson,juanonjuan10
718,Mirza Teletović,Teletovic33
719,Travis Trice,Ttrice20
720,Rashawn Thomas,Sobeastly_25
721,Jordan Murphy,jordanmurphy24
722,Hedo Türkoğlu,hidoturkoglu15
723,Youssou Ndoye,yndoye35
724,JaCorey Williams,_JWilliams22
725,Perrion Callandret,Perriontf
726,Karl-Anthony Towns,KarlTowns
727,Keifer Sykes,ksykesyb
728,Taylor Braun,taylorbraun2324
729,Bryce Brown,Bwb_2
730,Charlie Westbrook,C_Westbrook1
731,D'Angelo Russell,Dloading
732,Michael Qualls,Mr_WALKONAIR
733,John Bohannon,johnbohannon21
734,Ding Yanyuhang,OfficialDing8
735,Jahlil Okafor,JahlilOkafor
736,Dez Wells,_DezWells
737,B.J. Young,bjyoung_money11
738,Kristaps Porziņģis,kporzee
739,Sam Thompson,SlamIAm12
740,LaDontae Henton,HentonBuckets23
741,Rade Zagorac,zagorac_rade
742,Alexis Ajinça,AjincaAlexis42
743,Mario Hezonja,mariohezonja
744,Jason Washburn,jaywash42
745,Rodney Purvis,Gpurvooo
746,Javon Bess,Jb_Bizzle
747,Willie Cauley-Stein,THEwillieCS15
748,Mirza Begić,BegicMirzaBM
749,Torian Graham,Torian_Graham
750,Keljin Blevins,KBlevs02
751,Stanley Johnson,iAmSJ
752,Briante Weber,Sir_deuce2
753,Daniel Dixon,Mr_HeatCheck
754,Norense Odiase,kingno_
755,J.R. Giddens,JGidd4
756,Frank Kaminsky,FSKPart3
757,Chris Udofia,dofboyfresh34
758,Kamari Murphy,21__louie
759,Yudai Baba,yudai_baba
760,Justise Winslow,IAmJustise
761,Julian Washburn,smoothlikeju
762,Tahjere McCall,215tahj
763,Simisola Shittu,LanX_Sims
764,C.J. Miles,masfresco
765,Myles Turner,Original_Turner
766,Mike Cobbins,The1_MikeCobbs
767,Yannis Morin,YannisMorin
768,Trey Lyles,TreyLyles
769,Eric Atkins,EAtkins0
770,Isaac Hamilton,Isaacham_10
771,Morris Almond,FreeMoAlmond
772,Alando Tucker,DoeTuck
773,Devin Booker,DevinBook
774,Davion Berry,DavionBerry
775,Cameron Payne,campayne
776,Alan Williams,alantwilliams
777,Kelly Oubre Jr.,KELLYOUBREJR
778,Xavier Munford,xaviermunford
779,Derek Willis,derekxwillis
780,Rudy Gobert,rudygobert27
781,Terry Rozier,T_Rozzay3
782,Courtney Fells,Papi_Fells
783,Trevor Thompson,TrevBallinTrey2
784,Rashad Vaughn,ShowtimeMr1
785,Ben Simmons,BenSimmons25
786,Tidjan Keita,KTidjan
787,Jeremy Tyler,jeremytyler3
788,Sam Dekker,dekker
789,Brandon Ingram,B_Ingram13
790,Kendall Pollard,__KP
791,Marcin Gortat,MGortat
792,Jerian Grant,JerianGrant
793,Dragan Bender,DBender03
794,Ike Iroegbu,Be_LikeIKE
795,Giannis Antetokounmpo,Giannis_An34
796,Delon Wright,delonwright
797,Kris Dunn,KrisDunn3
798,Marc Loving,lovingthegame32
799,Beno Udrih,BenoUdrih1
800,Justin Anderson,JusAnderson1
801,Buddy Hield,buddyhield
802,Yakuba Ouattara,yakubaouattara
803,Shaq Buchanan,ShaqLeroy
804,Bobby Portis,BPortistime
805,Jamal Murray,BeMore27
806,Myke Henry,mykehenry20
807,Rondae Hollis-Jefferson,IAmCHAP24
808,Marquese Chriss,quese
809,Josh Gray,ThatsJoshGray
810,Tyus Jones,1Tyus
811,Jakob Poeltl,JakobPoeltl
812,Walt Lemon Jr.,WaltLemon
813,Jarell Martin,MartinJarell
814,Domantas Sabonis,Dsabonis11
815,Jaylen Morris,jay_morris30
816,Donatas Motiejūnas,DonatasMot
817,Nikola Milutinov,NMilutinov
818,Taurean Prince,taureanprince
819,Ömer Aşık,AsikOmer
820,Larry Nance Jr.,Larrydn22
821,Georgios Papagiannis,G_P_06
822,Donté Greene,dontegreeneCOS
823,Denzel Valentine,denzelvalentine
824,Deandre Ayton,DeandreAyton
825,Chris McCullough,briskuno
826,Juan Hernangómez,juanchiviris41
827,Marvin Bagley III,MB3FIVE
828,Anderson Varejão,VAREJAOANDERSON
829,Kevon Looney,Loon_Rebel5
830,Guerschon Yabusele,DTP_Mario
831,Luka Dončić,luka7doncic
832,Cedi Osman,cediosman
833,Wade Baldwin,The_Fourth_Wade
834,Jaren Jackson Jr.,jarenjacksonjr
835,Taylor Griffin,tgriff32
836,Montrezl Harrell,MONSTATREZZ
837,Henry Ellenson,HenryEllenson13
838,Trae Young,TheTraeYoung
839,Gustavo Ayón,Gustavo_Ayon15
840,Kevin Murphy,KMurph_55
841,Jordan Mickey,Jmickey_02
842,Malik Beasley,Mb5Malik
843,Mo Bamba,TheRealMoBamba
844,Jan Veselý,JanVesely24
845,Anthony Brown,TwoShotOne
846,Caris LeVert,CarisLeVert
847,Wendell Carter Jr.,wendellcarter34
848,Willy Hernangómez,willyhg94
849,DeAndre' Bembry,fearthefro95
850,Collin Sexton,CollinSexton02
851,Hamed Haddadi,HamedHaddadi15
852,Rakeem Christmas,R_Xmas25
853,Malachi Richardson,KingMali23
854,Kevin Knox,KevKnox
855,Boštjan Nachbar,BokiNachbar
856,Richaun Holmes,Rich_Holmes22
857,Ante Žižić,Ante__Zizic
858,Mikal Bridges,mikal_bridges
859,Darrun Hilliard,DHilliard6X
860,Timothé Luwawu-Cabarrot,timcabs
861,Shai Gilgeous-Alexander,shaiglalex
862,Edy Tavares,waltertavares22
863,Andrea Bargnani,AndreaBargnani
864,Sasha Vujačić,SashaVujacic
865,Josh Richardson,J_Rich1
866,Brice Johnson,bjohnson_23
867,Miles Bridges,MilesBridges
868,Furkan Korkmaz,FurkanKorkmaz
869,Jerome Robinson,Rome_Coldbucks1
870,Joe Young,JoeyBuckets3
871,Pascal Siakam,pskills43
872,Michael Porter Jr.,MPJr
873,Andrew Harrison,DrewRoc5
874,Skal Labissière,OneBigHaitian
875,Troy Brown Jr.,Troy_Brown33
876,Marcus Thornton,M3Thornton
877,Dejounte Murray,DejounteMurray
878,Zhaire Smith,zhaire_smith
879,Garrison Mathews,gmathews_24
880,Norman Powell,npowell2404
881,Damian Jones,dameology
882,Donte DiVincenzo,Divincenzo
883,Artūras Gudaitis,GudaitisAG
884,Deyonta Davis,DeyontaDavis_04
885,Lonnie Walker,lonniewalker_4
886,Amir Coffey,coffeyshop_
887,Dakari Johnson,DakariJohnson
888,Ivica Zubac,ivicazubac
889,Kevin Huerter,KevinHuerter
890,Chris Silva,SilvaObame
891,Nicolas Batum,nicolas88batum
892,Ben Hansbrough,bhans23
893,Aaron White,Aaron_White30
894,Cheick Diallo,cheick_diallo13
895,Josh Okogie,CallMe_NonStop
896,David Kramer,K7davidK
897,Tyler Ulis,tulis3
898,Grayson Allen,GraysonJAllen
899,Chuma Okeke,chuma_okeke
900,Tyler Harvey,YoungTRaaw
901,Malcolm Brogdon,MalcolmBrogdon7
902,Chandler Hutchison,CmoHutchison
903,Ky Bowman,KyranBowman
904,Satnam Singh,hellosatnam
905,Chinanu Onuaku,chinanu_onuaku
906,Aaron Holiday,The_4th_Holiday
907,Bol Bol,BolBol
908,Justin Harper,Tru_Harp32
909,Sir'Dominic Pointer,Sirdom1
910,Patrick McCaw,PMcCaw0
911,Anfernee Simons,AnferneeSimons
912,Justin James,1JustinJames
913,Dani Díez,danidiez11
914,Moritz Wagner,moritz_weasley
915,Ahmed Hill,MED_XIII
916,Kyle Weaver,kyleweaver5
917,Cady Lalanne,Lac25_
918,Diamond Stone,Diamond_Stone33
919,Landry Shamet,landryshamet
920,Sagaba Konate,sagaba50
921,Nerlens Noel,NerlensNoel3
922,Stephen Zimmerman,BIGG_ZIMM
923,Robert Williams,rob_williamsIII
924,Nigel Williams-Goss,NigelWG5
925,Lucas Nogueira,Bebe92
926,Martell Webster,MartellWebster
927,Nikola Radičević,nikoradicevic
928,Isaiah Whitehead,isaiahwhitehead
929,Jacob Evans,JacobEvans_1
930,J.P. Tokoto,AirPierreTokoto
931,Zhou Qi,officialzhouqi
932,Džanan Musa,DzMusa
933,Terrel Harris,T_Harris87
934,Sonny Weems,Sonny13
935,Isaïa Cordinier,izaycordinier
936,Omari Spellman,Omarispellman
937,Marco Belinelli,marcobelinelli
938,Luka Mitrović,mitar_mitar9
939,Demetrius Jackson,D_Jay11
940,Elie Okobo,ElieOkobo_0
941,Ryan Boatright,Ryanboatright11
942,Jevon Carter,nextlevel_03
943,Jake Layman,JLayman10
944,Jalen Brunson,jalenbrunson1
945,Paul Zipser,paulzzip
946,Devonte' Graham,Devonte4Graham
947,Keith Benson,RealKITO
948,Michael Gbinije,mikegbinije
949,Georges Niang,GeorgesNiang20
950,Gary Trent Jr.,gtrentjr
951,Ben Bentil,benbentil
952,Khyri Thomas,Khyri_2
953,Charles Oakley,CharlesOakley34
954,D.J. White,dj_white3
955,Maurice Ndour,Mauricendure
956,Joel Bolomboy,Bolomboy21
957,Isaac Bonga,isaacbonga
958,Allonzo Trier,ISO_ZO
959,Bobby Brown,BBROWNLAU
960,Joe Chealey,jace_emmanuel_
961,Jeffrey Carroll,JeffCarrollJr
962,Tre Jones,Tre3Jones
963,Vernon Carey Jr.,vernoncarey22
964,Nico Mannion,niccolomannion
965,Cassius Stanley,cassius_stanley
966,Jahmi'us Ramsey,newanimprovedJR
967,Ty-Shon Alexander,5Tyshon
968,Mamadi Diakite,_mdiakite
969,Lamine Diane,laminediane35
970,Kristian Doolittle,kristiandoolit1
971,Devon Dotson,d_dotson1
972,Paul Eboua,paul_eboua
973,Malik Fitts,MalikFitts
974,B.J. Johnson,Bean_J20
975,Sekou Doumbouya,sekou_doums
976,Jordan Ford,jordan_ford_
977,Josh Green,JoshBGreen
978,Ashton Hagans,H23Ash
979,Jalen Harris,TheJalenHarris
980,Nate Hinton,thatup_coming14
981,Ty Jerome,tyjerome_
982,Anthony Lamb,AnthonyMLamb
983,Kevin Porter Jr.,Kevinporterjr
984,Naji Marshall,MarshallNaji
985,Sam Merrill,smerrill05
986,Jordan Nwora,JordanNwora
987,Reggie Perry,_R1bang_
988,Aleksej Pokusevski,aleksejpokusevs
989,Trevelin Queen,trev_up
990,Paul Reed,Bball_paul
991,Nick Richards,iamnickrichards
992,Grant Riller,grantriller97
993,Dwayne Sutton,DwayneSutton
994,Tyrell Terry,tyterry05
995,Tres Tinkle,tres_tinkle3
996,Kaleb Wesson,Elite_Hooper99
997,Kahlil Whitney,KahlilWhitney
998,Dwayne Bacon,
999,Cassius Winston,cassiuswinston
1000,Robert Woodard,Raw2512
1001,Damyean Dotson,wholeteamDot
1002,Freddie Gillespie,freddieg_33
1003,Zavier Simpson,Xaviersimpson3
1004,Omer Yurtseven,OmerYurtseven5
1005,Nate Darling,natedarling14
1006,Jake Toolson,jtoolgoinham
1007,Melo Trimble,TrimbleMelo
1008,Amile Jefferson,AmileJefferson
1009,Ben Wallace,FearTheFro
1010,Melvin Frazier,melvinjrrr
1011,Alaa Abdelnaby,alaatweets
1012,Kareem Abdul-Jabbar,kaj33
1013,Shareef Abdur-Rahim,ShareefAbdur_R
1014,Quincy Acy,QuincyAcy
1015,Jalen Adams,ja4hunnid
1016,Jordan Adams,jordanadams1231
1017,Steven Adams,RealStevenAdams
1018,Jeff Adrien,Adrien4
1019,Maurice Ager,moeager
1020,Danny Ainge,danielrainge
1021,Gary Alcorn,
1022,Santi Aldama,santialdama
1023,Cole Aldrich,colea45
1024,LaMarcus Aldridge,aldridge_12
1025,Lavoy Allen,chefVOYardee
1026,Malik Allen,THEleekAllen30
1027,Ray Allen,greenRAYn20
1028,Tony Allen,aa000G9
1029,Jose Alvarado,AlvaradoJose15
1030,John Amaechi,JohnAmaechi
1031,Al-Farouq Aminu,farouq1
1032,Lou Amundson,LouAmundson17
1033,Alan Anderson,ASqared06
1034,Kenny Anderson,chibbs_1
1035,Kyle Anderson,KyleAnderson5
1036,Carmelo Anthony,carmeloanthony
1037,Greg Anthony,GregAnthony50
1038,Robert Archibald,RobertArchibald
1039,Gilbert Arenas,agentzeroshow
1040,Trevor Ariza,TrevorAriza
1041,B.J. Armstrong,bjarmstrong
1042,Metta World Peace,MettaWorldPeace
1043,Darrell Arthur,DarrellArthur00
1044,Brandon Ashley,_Bash21
1045,Doug Atkins,
1046,D.J. Augustin,augustinDj14
1047,Joel Ayayi,joel_ayayi
1048,Kelenna Azubuike,KAzubuike7
1049,Udoka Azubuike,TimUdoka
1050,Luke Babbitt,Realbabbitt08
1051,Renaldo Balkman,R_Balkman32
1052,LiAngelo Ball,LiAngeloBall
1053,Dalano Banton,DALANOBANTON
1054,J.J. Barea,jjbareapr
1055,Harrison Barnes,hbarnes
1056,Matt Barnes,Matt_Barnes22
1057,Scottie Barnes,ScottBarnes561
1058,Earl Barron,earldee
1059,Brent Barry,Barryathree
1060,Rick Barry,Rick24Barry
1061,Will Barton,WillTheThrillB5
1062,Charles Bassey,CB_ONES23
1063,Shane Battier,ShaneBattier
1064,Jerryd Bayless,jerrydbayless
1065,Elgin Baylor,theelginbaylor
1066,Aron Baynes,aronbaynes
1067,Kent Bazemore,24Bazemore
1068,Bradley Beal,RealDealBeal23
1069,Michael Beasley,Michael8easley
1070,Mike Bednar,
1071,Juhann Begarin,BegarinJuhann
1072,Charlie Bell,flintstone14
1073,Jordan Bell,1jordanbell
1074,Troy Bell,TroyBellS2P
1075,Joe Belmont,
1076,Anthony Bennett,AnthonyBennett
1077,Patrick Beverley,patbev21
1078,Tyler Bey,Tbeeyy
1079,John Biever,
1080,Chauncey Billups,1MrBigShot
1081,DeJuan Blair,DeJuan45
1082,Steve Blake,SteveBlake5
1083,Eric Bledsoe,EBled2
1084,Vander Blue,veezy_SQ
1085,Trevon Bluiett,TrevonBluiett
1086,Bennie Boatwright,benniebuckets__
1087,Muggsy Bogues,MuggsyBogues
1088,Andrew Bogut,andrewbogut
1089,Robert Bolyard,
1090,Matt Bonner,MattBonner_SAS
1091,Trevor Booker,35_Fitz
1092,Carlos Boozer,MisterCbooz
1093,Chris Bosh,chrisbosh
1094,Brandon Boston Jr.,bboston_
1095,James Bouknight,jam3s210
1096,Jordan Bowden,_iamjbow
1097,Brian Bowen,tugs_
1098,Bruce Bowen,Bowen12
1099,Ryan Bowen,rybo40
1100,Avery Bradley,Avery0Bradley
1101,Corey Brewer,TheCoreyBrewer
1102,Ronnie Brewer,RonnieBrewerJr
1103,Pete Brewster,
1104,Aaron Brooks,Thirty2zero
1105,MarShon Brooks,Marshon2
1106,Alec Brown,AlecBrown21
1107,Dee Brown,deebrown11
1108,Greg Brown III,gb3elite
1109,Jabari Brown,Bari_BrownIDF
1110,Jack Brown,
1111,Jaylen Brown,FCHWPO
1112,Jim Brown,
1113,Lorenzo Brown,Zo_Brown
1114,Markel Brown,iMarkelBrown22
1115,Frank Broyles,
1116,Elijah Bryant,Elijah_Bryant3
1117,Kobe Bryant,kobebryant
1118,Chase Budinger,CBudinger
1119,Reggie Bullock,ReggieBullock35
1120,Trey Burke,TreyBurke
1121,Alec Burks,AlecBurks10
1122,Antonio Burks,antonioburks
1123,Scott Burrell,sburrell24
1124,Caron Butler,realtuffjuice
1125,Jared Butler,J_Hooper11
1126,Jimmy Butler,JimmyButler
1127,Rasual Butler,RasualButler45
1128,Dwight Buycks,BizzleWorld20
1129,Michael Cage,Exhoopsmc
1130,Nick Calathes,Nick_Calathes15
1131,José Calderón,JmCalderon
1132,Kentavious Caldwell-Pope,CaldwellPope
1133,Marcus Camby,MarcusCamby23
1134,Facundo Campazzo,facucampazzo
1135,Isaiah Canaan,SiP03
1136,Devin Cannady,devin_cannady3
1137,Brian Cardinal,BrianCardinal
1138,Norman Carey,
1139,Antoine Carr,AntoineCarr55
1140,Austin Carr,MrCavalier34
1141,DeMarre Carroll,DeMarreCarroll1
1142,Matt Carroll,matt13carroll
1143,Robert Carroll,
1144,Vince Carter,mrvincecarter15
1145,Michael Carter-Williams,mcarterwilliams
1146,Ahmad Caver,MAHDTHAGOD
1147,Cedric Ceballos,cedceballos
1148,Mario Chalmers,mchalmers15
1149,Justin Champagnie,JusChampagnie
1150,Wilson Chandler,wilsonchandler
1151,Rex Chapman,RexChapman
1152,Josh Childress,JChillin
1153,Yoeli Childs,yochilds22
1154,Doug Christie,TheDougChristie
1155,Dionte Christmas,Dchristmas22
1156,Semaj Christon,SemajChriston
1157,Josh Christopher,Jaygup23
1158,Ian Clark,IanClark
1159,Jordan Clarkson,JordanClarksons
1160,Speedy Claxton,speeddeamon
1161,Speedy Claxton,
1162,Mateen Cleaves,Mateen_Cleaves
1163,Derrick Coleman,44TheLegend
1164,Jarron Collins,jarronctwin
1165,Darren Collison,Darren_Collison
1166,Nick Collison,nickcollison4
1167,Mike Conley,MCONLEY10
1168,Pat Connaughton,pconnaughton
1169,Will Conroy,CHILLCONROY
1170,Keandre Cook,_Drecook
1171,Michael Cooper,ShowtimeCooper
1172,Sharife Cooper,SharifeCooper
1173,Mason Cope,
1174,DeMarcus Cousins,boogiecousins
1175,Robert Covington,Holla_At_Rob33
1176,Anthony Cowan Jr.,AnthonyCowanJr
1177,Allen Crabbe,allencrabbe
1178,Jamal Crawford,JCrossover
1179,Jordan Crawford,jcraw55
1180,Austin Croshere,AustinCroshere
1181,John Crotty,JohnCrottyHEAT
1182,Jae Crowder,CJC9BOSS
1183,Cade Cunningham,CadeCunningham_
1184,Dante Cunningham,DlamarC33
1185,Jared Cunningham,J1Flight
1186,Eddy Curry,Eddy_Curry
1187,Seth Curry,sdotcurry
1188,Stephen Curry,StephenCurry30
1189,DeAndre Daniels,D_Daniels2
1190,Marquis Daniels,Marquis_Daniels
1191,Troy Daniels,troydaniels
1192,Gigi Datome,GigiDatome
1193,Anthony Davis,AntDavis23
1194,Baron Davis,BaronDavis
1195,Ed Davis,eddavisXVII
1196,Glen Davis,iambigbaby11
1197,Hubert Davis,
1198,Austin Daye,Adaye5
1199,Dewayne Dedmon,d_dedmon3
1200,Vinny Del Negro,VinnyDHoops
1201,Javin DeLaurier,javind_12
1202,Carlos Delfino,cabezadelfino
1203,Matthew Dellavedova,matthewdelly
1204,Luol Deng,LuolDeng9
1205,DeMar DeRozan,DeMar_DeRozan
1206,Corky Devlin,
1207,Boris Diaw,theborisdiaw
1208,Gorgui Dieng,GorguiDieng
1209,Glenn Dille,
1210,Spencer Dinwiddie,SDinwiddie_25
1211,DeSagana Diop,sagana7
1212,Vlade Divac,bgoodvlade
1213,Ayo Dosunmu,AyoDos_11
1214,Jeff Dowtin,JeffD_11
1215,Walt Dropo,
1216,Andre Drummond,AndreDrummond
1217,Chris Duarte,C_Duarte5
1218,Jared Dudley,JaredDudley619
1219,David Duke,daviddukejr
1220,Ronald Dupree,RDupree12
1221,Kevin Durant,KDTrey5
1222,Cleanthony Early,Clearly_BallLyf
1223,Mark Eaton,markeaton7ft4
1224,Kessler Edwards,KesslerEdwards
1225,Wayne Ellington,WayneEllington
1226,Sean Elliott,seanelliott_32
1227,Perry Ellis,PElliz
1228,Joel Embiid,JoelEmbiid
1229,Kim English,
1230,Alex English,AlexEnglish_2
1231,Kim English,
1232,Tyler Ennis,TylerEnnis
1233,Julius Erving,JuliusErving
1234,Bill Evans,
1235,Jeremy Evans,JeremyEvans40
1236,Reggie Evans,ReggieEvans30
1237,Tyreke Evans,TyrekeEvans
1238,Kenneth Faried,KennethFaried35
1239,Derrick Favors,dfavors14
1240,Carrick Felix,CarrickFelixIMC
1241,Gene Fellmeth,
1242,Raymond Felton,RFeltonGBMS
1243,Rudy Fernández,rudy5fernandez
1244,Landry Fields,landryfields
1245,Michael Finley,MichaelFinley
1246,Derek Fisher,derekfisher
1247,Malachi Flynn,malachiflynn
1248,T.J. Ford,tj_ford
1249,Rick Fox,RickFox
1250,Randy Foye,randyfoye
1251,Adonal Foyle,afoyle3131
1252,Steve Francis,SteveFranchise3
1253,Walt Frazier,WaltFrazier
1254,Jimmer Fredette,jimmerfredette
1255,Channing Frye,channingfrye
1256,Dan Gadzuric,DGadzuric
1257,Danilo Gallinari,gallinari8888
1258,Kevin Garnett,KevinGarnett5KG
1259,Diante Garrett,kingarrett10
1260,Marcus Garrett,ImMarcusGarrett
1261,Usman Garuba,Usmangaruba
1262,Luka Garza,LukaG_55
1263,Marc Gasol,MarcGasol
1264,Pau Gasol,paugasol
1265,Rudy Gay,RudyGay
1266,Alonzo Gee,GeeAlonzo
1267,Marshall Gemberling,
1268,Paul George,Yg_Trece
1269,Joe Gibbon,
1270,Daniel Gibson,BooBysWorld1
1271,Taj Gibson,TajGibson
1272,Josh Giddey,joshgiddey
1273,Kendall Gill,kendallg13
1274,Romaro Gill,romarogill1994
1275,Artis Gilmore,ArtisGilmore53
1276,Manu Ginóbili,manuginobili
1277,John Givens,
1278,Ryan Gomes,GotGomes
1279,Drew Gooden,DrewGooden
1280,Jordan Goodwin,JGood_0
1281,Aaron Gordon,Double0AG
1282,Eric Gordon,TheofficialEG10
1283,Milt Graham,
1284,Danny Granger,dgranger33
1285,Brian Grant,bwgrant
1286,Horace Grant,horacegrant54
1287,Jerami Grant,JeramiGrant
1288,RaiQuan Gray,Tgray4
1289,A.C. Green,NBA_Ironman
1290,Danny Green,DGreen_14
1291,Draymond Green,Money23Green
1292,Jalen Green,JalenGreen
1293,Jeff Green,unclejeffgreen
1294,Blake Griffin,blakegriffin23
1295,Quentin Grimes,qdotgrimes
1296,Dick Haag,
1297,William Hogan,
1298,Tyler Hall,tyler_hall1
1299,Jordan Hamilton,J_Goin_HAM
1300,Justin Hamilton,Justin__41
1301,Richard Hamilton,ripcityhamilton
1302,Rayshaun Hammonds,shaun_coolin
1303,Tyler Hansbrough,THANS50
1304,Travis Hansen,travishansen24
1305,Anfernee Hardaway,Iam1Cent
1306,Tim Hardaway,HardawaySr
1307,Tim Hardaway Jr.,T_HardJR
1308,James Harden,JHarden13
1309,Maurice Harkless,moe_harkless
1310,Derek Harper,D_Harp_12
1311,Ron Harper,HARPER04_5
1312,Matt Harpring,mharpring15
1313,Bill Harrell,
1314,Josh Harrellson,BigJorts55
1315,Al Harrington,cheddahcheese7
1316,Mickey Harrington,
1317,Devin Harris,Dev34Harris
1318,Elias Harris,EliasJMHarris
1319,Gary Harris,thats_G_
1320,Joe Harris,
1321,Kevon Harris,_kevonn22
1322,Manny Harris,313MannyHarris
1323,Mike Harris,TheRealMH33
1324,Tobias Harris,tobias31
1325,Udonis Haslem,ThisIsUD
1326,Sam Hauser,Big_Smooth10
1327,Spencer Hawes,spencerhawes00
1328,Chuck Hayes,c_hayes44
1329,Gordon Hayward,gordonhayward
1330,Spencer Haywood,SpencerHaywood
1331,Gerald Henderson,GhJr09
1332,Aaron Henry,hennny11
1333,Xavier Henry,XavierHenry
1334,John Henson,Johnhenson31
1335,Chris Herren,c_herren
1336,Rick Herrscher,
1337,Roy Hibbert,Roy_Meets_World
1338,George Hill,George_Hill3
1339,Grant Hill,realgranthill33
1340,Solomon Hill,solohill
1341,Julius Hodge,Follow24Hodge
1342,Fred Hoiberg,ISUMayor32
1343,Jrue Holiday,Jrue_Holiday11
1344,Justin Holiday,JustHolla7
1345,Lionel Hollins,LionelHollins14
1346,Ryan Hollins,TheRyanHollins
1347,Don Holt,
1348,Michael Holton,mdhhoops
1349,Caleb Homesley,get_buckets05
1350,Rodney Hood,rodneyhood
1351,Al Horford,Al_Horford
1352,Allan Houston,ALLAN_HOUSTON
1353,Dwight Howard,DwightHoward
1354,Frank Howard,
1355,Juwan Howard,JuwanHoward
1356,Josh Huestis,jhuestis
1357,Jay Huff,jayhuff_
1358,Robbie Hummel,RobbieHummel
1359,Kris Humphries,KrisHumphries
1360,Bobby Hurley,BobbyHurley11
1361,Matthew Hurt,HurtMatthew
1362,Bones Hyland,BizzyBones11
1363,Andre Iguodala,andre
1364,Stu Inman,
1365,Kyrie Irving,KyrieIrving
1366,Allen Iverson,alleniverson
1367,Royal Ivey,ROYALTIVEY
1368,Jarrett Jack,Jarrettjack03
1369,Bobby Jackson,TheBobbyJackson
1370,Isaiah Jackson,IJackson22
1371,Jim Jackson,jimjackson419
1372,Mark Jackson,MarkJackson13
1373,Reggie Jackson,Reggie_Jackson
1374,Bernard James,BernardJame5
1375,LeBron James,KingJames
1376,Mike James,mikejames7
1377,DeJon Jarreau,LaDeeky
1378,Cory Jefferson,CoryJay34
1379,John Jenkins,JohnnyCashVU23
1380,David Johnson,davidjohnson13
1381,Eddie Johnson,Jumpshot8
1382,Jalen Johnson,Jalen_J23
1383,James Johnson,IamJJ16
1384,Joe Johnson,TheJoeJohnson7
1385,Keon Johnson,
1386,Kevin Johnson,KJ_MayorJohnson
1387,Magic Johnson,MagicJohnson
1388,Marques Johnson,olskool888
1389,Orlando Johnson,OrlandoVJohnson
1390,Reggie Johnson,Regg_42
1391,Wesley Johnson,WesJohnson4
1392,Nikola Jokić,JokicNikola15
1393,Rokas Jokubaitis,
1394,Dahntay Jones,dahntay1
1395,Damon Jones,D19J
1396,Herb Jones,_hoopinglife
1397,Hugh Jones,
1398,Kai Jones,242_jones
1399,Perry Jones,Perry_Jones1
1400,Terrence Jones,TerrenceJones1
1401,DeAndre Jordan,DeAndre
1402,Cory Joseph,Cory_Joe
1403,Georgios Kalaitzakis,
1404,Chris Kaman,ChrisKaman
1405,Kylor Kelley,K3LL3Y24
1406,Ryan Kelly,RyanKelly34
1407,Greg Kelser,gkelser32
1408,Tim Kempton,SunsTK
1409,Steve Kerr,SteveKerr
1410,Jason Kidd,RealJasonKidd
1411,Michael Kidd-Gilchrist,MKG14
1412,Stacey King,Stacey21King
1413,Corey Kispert,corey_kispert
1414,Brandon Knight,Goodknight11
1415,Brevin Knight,brevinknight22
1416,Johnny Knopf,
1417,Balša Koprivica,balsa_koprivica
1418,Kyle Korver,KyleKorver
1419,Kosta Koufos,kostakoufos
1420,Ron Kramer,
1421,Jonathan Kuminga,JonathanKuming6
1422,Christian Laettner,laettnerbball
1423,Doron Lamb,DLamb20
1424,Jeremy Lamb,jlamb
1425,Jock Landale,JockLandale
1426,Shane Larkin,ShaneLarkin_3
1427,Dean Larsen,
1428,Zach LaVine,ZachLaVine
1429,A.J. Lawson,ItsAJLawson
1430,Ty Lawson,TyLawson3
1431,Courtney Lee,CourtneyLee5
1432,David Lee,Dlee042
1433,Alex Len,alexlen
1434,Kawhi Leonard,kawhileonard
1435,Meyers Leonard,MeyersLeonard
1436,Jon Leuer,JonLeuer30
1437,Scottie Lewis,Scottie23L
1438,DeAndre Liggins,Dreliggs34
1439,Damian Lillard,Dame_Lillard
1440,Jeremy Lin,JLin7
1441,Isaiah Livers,isaiah__02
1442,Brook Lopez,RealBrookLopez
1443,Robin Lopez,rolopez42
1444,Kevin Love,kevinlove
1445,Kyle Lowry,Klow7
1446,John Lucas,JLEnterprises
1447,John Lucas III,Luke1luk
1448,Shelvin Mack,ShelvinMack
1449,Mark Madsen,madsen_mark
1450,Corey Maggette,Corey_Maggette
1451,Will Magnay,MagnayWill
1452,Dan Majerle,DanMajerle
1453,Lionel Malamed,
1454,Karl Malone,TheDeliverer_32
1455,Sandro Mamukelashvili,Mamukelashvili5
1456,Karim Mané,KarimMane_
1457,Tre Mann,tre2mann3
1458,Danny Manning,coachdmanning
1459,Devyn Marble,DevMarble
1460,Stephon Marbury,StarburyMarbury
1461,Shawn Marion,matrix31
1462,Donyell Marshall,Dmarsh42
1463,Kendall Marshall,KButter5
1464,Cartier Martin,CartierMartin
1465,Kenyon Martin,KenyonMartinSr
1466,Kenyon Martin Jr.,kj__martin
1467,Jamal Mashburn,jamalmashburn
1468,Roger Mason,MoneyMase
1469,Charles Matthews,1CMatthews
1470,Wesley Matthews,WessyWes23
1471,Jason Maxiell,JasonMaxiell
1472,Vernon Maxwell,vernonmaxwell11
1473,Sean May,BigMay42
1474,Eric Maynor,EMaynor3
1475,Luc Mbah a Moute,mbahamoute
1476,James Michael McAdoo,jamesmcadoo
1477,Miles McBride,deucemcb11
1478,Ray McCallum,RayMac3
1479,CJ McCollum,CJMcCollum
1480,Tim McCormick,TimMcCormick40
1481,K.J. McDaniels,KJMcDaniels
1482,Doug McDermott,dougmcdermott
1483,Hank McDowell,Skinnypalmer
1484,Mitch McGary,mitchmcgary
1485,JaVale McGee,JaValeMcGee
1486,Andy McGowan,
1487,Tracy McGrady,Real_T_Mac
1488,Jim McIlvaine,JimMcIlvaine
1489,Kevin McKenna,coachkmc3
1490,JaQuori McLaughlin,Jroc__3
1491,Ben McLemore,BenMcLemore
1492,Jordan McRae,JordyMac52
1493,Josh McRoberts,JoshMcRoberts11
1494,Jodie Meeks,Jmeeks20
1495,Khris Middleton,Khris22m
1496,Dan Miller,
1497,Darius Miller,DmillerKY
1498,Mike Miller,MikeMiller_13
1499,Quincy Miller,qmillertime
1500,Reggie Miller,ReggieMillerTNT
1501,Patty Mills,Patty_Mills
1502,Terry Mills,terrymills_
1503,Paul Millsap,Paulmillsap4
1504,Yao Ming,YaoMing
1505,Nikola Mirotić,NikolaMirotic33
1506,Davion Mitchell,hoopculture13
1507,Sam Mitchell,SamMitchellNBA
1508,Tony Mitchell,TonyMitchUNENO
1509,Tony Mitchell,tmitch_5
1510,Evan Mobley,evanmobley
1511,Nazr Mohammed,NazrMohammed
1512,Greg Monroe,M10OSE
1513,E.J. Montgomery,EJMontgomery23
1514,Moses Moody,mosesmoody
1515,E'Twaun Moore,ETwaun55
1516,Zippy Morocco,
1517,Darius Morris,dariusmorris4
1518,Marcus Morris,MookMorris2
1519,Markieff Morris,Keefmorris
1520,Dwane Morrison,
1521,Anthony Morrow,MrAnthonyMorrow
1522,Johnathan Motley,Moneymot5
1523,Arnett Moultrie,amoultrie
1524,Shabazz Muhammad,ShabazzMuhammad
1525,Ade Murkey,0_murk
1526,Trey Murphy III,Treymurphyiii
1527,Tracy Murray,RealTracyMurray
1528,Toure' Murry,toure_murry
1529,Mike Muscala,mikemuscala
1530,Dikembe Mutombo,officialmutombo
1531,Hamady N'Diaye,H55ndiaye
1532,Shabazz Napier,ShabazzNapier
1533,Gerry Nappy,
1534,Steve Nash,SteveNash
1535,Jameer Nelson,jameernelson
1536,Jim Newcome,
1537,Johnny Newman,jnewNBA
1538,Andrew Nicholson,nicholaf44
1539,Daishen Nix,djfromveg
1540,Norm Nixon,NormNixon
1541,Joakim Noah,JoakimNoah
1542,Andrés Nocioni,SoyElChapu
1543,Steve Novak,stevenovak16
1544,Dirk Nowitzki,swish41
1545,James Nunnally,allornunn21
1546,Eddie O'Brien,
1547,John O'Brien,
1548,Patrick O'Bryant,13POB13
1549,Shaquille O'Neal,SHAQ
1550,Kyle O'Quinn,Kyle_OQuinn
1551,Lamar Odom,RealLamarOdom
1552,Emeka Okafor,BigMek50
1553,Mehmet Okur,MehmetOkur13
1554,Victor Oladipo,VicOladipo
1555,Hakeem Olajuwon,DR34M
1556,Kelly Olynyk,KellyOlynyk
1557,Eugene Omoruyi,
1558,E.J. Onu,ej35_
1559,Arinze Onuaku,arinze_onuaku
1560,Daniel Orton,danielorton21
1561,Joe Ossola,
1562,Jannero Pargo,jpargo1
1563,Anthony Parker,_AnthonyParker
1564,Jabari Parker,JabariParker
1565,Tony Parker,tonyparker
1566,Chandler Parsons,ChandlerParsons
1567,Devonte Patterson,DPattersonn
1568,Lamar Patterson,LP21_
1569,Patrick Patterson,pdpatt
1570,Chris Paul,CP3
1571,Adreian Payne,Adreian_Payne
1572,Elfrid Payton,elfrid
1573,Gary Payton,GaryPayton
1574,Elijah Pemberton,ElijahPemberto1
1575,Don Penwell,
1576,Will Perdue,Will_Perdue32
1577,Jim Petersen,JimPeteHoops
1578,Morris Peterson,mopete24
1579,Filip Petrušev,PetrusevFilip
1580,Jamorko Pickett,JamorkoP1
1581,Paul Pierce,paulpierce34
1582,Scottie Pippen,ScottiePippen
1583,Mason Plumlee,masonplumlee
1584,Miles Plumlee,milesplumlee13
1585,Olden Polynice,OldenPolynice1
1586,Quincy Pondexter,QuincyPondexter
1587,Jontay Porter,JontayPorter
1588,Otto Porter,OttoPorter
1589,Tom Pottenburgh,
1590,Leon Powe,Leon_Powe
1591,Dwight Powell,DwightPowell33
1592,Josh Powell,JP21Reasons
1593,Phil Pressey,philpressey
1594,Jason Preston,Treballjay11
1595,A.J. Price,realAJPrice
1596,Mark Price,Mark25Price
1597,Joshua Primo,JoshuaPrimo4
1598,Laron Profit,Profit4eva
1599,Neemias Queta,nemi1599
1600,Wimpy Quinn,
1601,Julius Randle,J30_RANDLE
1602,Anthony Randolph,TheARandolph
1603,Zach Randolph,MacBo50
1604,Theo Ratliff,shotblocker42
1605,Leo Rautins,LeoRautins
1606,Johnny Reagan,
1607,Austin Reaves,
1608,J.J. Redick,jj_redick
1609,Glen Rice,glenrice41
1610,Jason Richardson,jrich23
1611,Quentin Richardson,QRich
1612,Mitch Richmond,MitchRichmond23
1613,Austin Rivers,AustinRivers25
1614,Doc Rivers,DocRivers
1615,Andre Roberson,FlyDre21
1616,Clifford Robinson,UncleCliffy30
1617,David Robinson,DavidtheAdmiral
1618,Nate Robinson,nate_robinson
1619,Thomas Robinson,Trobinson0
1620,Glenn Robinson III,GRIII
1621,Jeremiah Robinson-Earl,JCREarl
1622,Sergio Rodríguez,SergioRodriguez
1623,Rajon Rondo,RajonRondo
1624,Derrick Rose,drose
1625,Jalen Rose,jalenrose
1626,Quinton Rose,qrose_3
1627,Terrence Ross,TerrenceRoss
1628,Ricky Rubio,rickyrubio9
1629,Brandon Rush,BRush_25
1630,Kareem Rush,kareemrush
1631,Bill Russell,realbillrussell
1632,Bryon Russell,BRuss3
1633,Robert Sacre,Bobby_Sacre
1634,John Salley,thejohnsalley
1635,Larry Sanders,l8show_thegoat
1636,Dario Šarić,dariosaric
1637,Brian Scalabrine,Scalabrine
1638,Jon Scheyer,
1639,Detlef Schrempf,Dschrempf
1640,Luis Scola,LScola4
1641,Dennis Scott,dennis3dscott
1642,Mike Scott,mikescott
1643,Tre Scott,trescott13
1644,Alperen Şengün,alperennsengun
1645,Ramon Sessions,SessionsRamon
1646,Nate Sestina,NateSestina23
1647,Day'Ron Sharpe,dayron_sharpe
1648,Iman Shumpert,imanshumpert
1649,Bobby Simmons,bobbysimmons21
1650,Aamir Simms,EarlShmitty_
1651,Henry Sims,H_Sims14
1652,Jericho Sims,
1653,Kyle Singler,KyleSingler
1654,Chris Singleton,C_SING31
1655,Peyton Siva,PeypeySiva3
1656,Tamar Slay,slay9
1657,Donald Sloan,dsloan15
1658,Marcus Smart,smart_MS3
1659,Chris Smith,SCS599
1660,Craig Smith,Csmeezy1
1661,Greg Smith,Ju_Smith4
1662,Ish Smith,IshSmith
1663,J.R. Smith,TheRealJRSmith
1664,Jason Smith,JasonSmith014
1665,Joe Smith,JoeBeast95
1666,Kenny Smith,TheJetOnTNT
1667,Steve Smith,steve21smith
1668,Tony Smith,AnalystTSmith34
1669,Xavier Sneed,Luh_Sneed
1670,Tony Snell,TonySnell21_
1671,Marreese Speights,Mospeights16
1672,Tiago Splitter,tiagosplitter
1673,Larry Spriggs,spriggy35
1674,Jaden Springer,jadenspringer11
1675,Jerry Stackhouse,jerrystackhouse
1676,Terence Stansbury,360StatueofLibe
1677,John Starks,StarksTheDunk
1678,Nik Stauskas,NStauskas11
1679,Lance Stephenson,StephensonLance
1680,DJ Steward,swipasnipa
1681,D. J. Stewart Jr.,djstewart187
1682,Greg Stiemsma,gregstiemsma
1683,Jarnell Stokes,JarnellStokes
1684,Julyan Stone,Julyan_Stone
1685,Rod Strickland,rod_strickland
1686,Jalen Suggs,jalensuggs
1687,Jared Sullinger,Jared_Sully0
1688,Wally Szczerbiak,wallyball
1689,Chris Taft,BlessedTaft
1690,Frank Tartaron,
1691,Terry Taylor,TerryTaylor21
1692,Tyshawn Taylor,tyshawntaylor
1693,Terry Teagle,
1694,Jeff Teague,Teague0
1695,MaCio Teague,_MrDoWork
1696,Marquis Teague,marquisteague25
1697,Sebastian Telfair,BassyS31T
1698,Garrett Temple,GTemp17
1699,Jason Terry,jasonterry31
1700,Jon Teske,JonTeske
1701,Hasheem Thabeet,HasheemTheDream
1702,Xavier Thames,Xthames2
1703,Reggie Theus,ReggieTheus
1704,Adonis Thomas,AllDayThomas
1705,Brodric Thomas,TheReal__BT3
1706,Cameron Thomas,24_camthomas
1707,Isaiah Thomas,isaiahthomas
1708,Isiah Thomas,IsiahThomas
1709,Lance Thomas,MrLance42
1710,Ethan Thompson,_ethanthompson5
1711,Jason Thompson,jtthekid
1712,Klay Thompson,KlayThompson
1713,Mychal Thompson,champagnennuts
1714,Tristan Thompson,RealTristan13
1715,JT Thor,thorrjt
1716,Al Thornton,AThornton14
1717,Marcus Thornton,OfficialMT23
1718,Jamaal Tinsley,jatinsley
1719,Isaiah Todd,zaytodd
1720,Anthony Tolliver,ATolliver44
1721,Bill Tom,
1722,Ronny Turiaf,Ronny_Turiaf
1723,Evan Turner,thekidet
1724,Breein Tyree,Breeintyree
1725,Ekpe Udoh,EkpeUdoh
1726,Jonas Valančiūnas,JValanciunas
1727,Nick Van Exel,vanexel31
1728,Jarvis Varnado,RealSwat32
1729,Greivis Vásquez,greivisvasquez
1730,Christian Vital,I_AMCV
1731,Nikola Vučević,NikolaVucevic
1732,Dwyane Wade,DwyaneWade
1733,Von Wafer,vonwafer13
1734,Franz Wagner,franzboogie
1735,Ishmail Wainright,Wainright24
1736,Dion Waiters,dionwaiters3
1737,Antoine Walker,WalkerAntoine8
1738,Kemba Walker,KembaWalker
1739,M.J. Walker,Mjwalker_23
1740,John Wall,JohnWall
1741,Bob Waller,
1742,John Wallisa,
1743,Dick Walls,
1744,Bill Walton,BillWalton
1745,Preston Ward,
1746,T.J. Warren,TonyWarrenJr
1747,Hakim Warrick,hdubb21
1748,Duane Washington Jr.,dwizthekid4
1749,Trendon Watford,trendonw
1750,C.J. Watson,quietstorm_32
1751,Earl Watson,Earl_Watson
1752,Maalik Wayns,MaalikWayns2
1753,Chris Webber,realchriswebber
1754,Bonzi Wells,BonziWells
1755,Bill Wennington,34billy42
1756,David West,D_West30
1757,Delonte West,delontewest
1758,Mark West,mwest41
1759,Russell Westbrook,russwest44
1760,Joe Wieskamp,JWieskamp21
1761,Aaron Wiggins,Aaron_Wiggins_
1762,Andrew Wiggins,22wiggins
1763,C.J. Wilcox,UCjwilcox23W
1764,Damien Wilkins,dwilkins3000
1765,Dominique Wilkins,DWilkins21
1766,Deron Williams,DeronWilliams
1767,Derrick Williams,DWXXIII
1768,Elliot Williams,ewill901
1769,Jay Williams,RealJayWilliams
1770,Jerome Williams,JunkYardDogJW
1771,Mo Williams,mowilliams
1772,Reggie Williams,reggiew55
1773,Shelden Williams,SheldenWilliams
1774,Ziaire Williams,therealZiaire
1775,Jeff Withey,JeffWithey
1776,Nate Wolters,NateWolters
1777,Mike Woodson,
1778,James Worthy,JamesWorthy42
1779,Brandan Wright,bwright34
1780,Chris Wright,flyght33wright
1781,Dorell Wright,DWRIGHTWAY1
1782,McKinley Wright IV,kin_wright25
1783,Tony Wroten,TWroten_LOE
1784,James Young,realjamesyoung
1785,Nick Young,NickSwagyPYoung
1786,Thaddeus Young,yungsmoove21
1787,Mike Zedalis,
1788,Marcus Zegarowski,MZegarowski
1789,Cody Zeller,CodyZeller
1790,Tyler Zeller,ZellerTyler
1791,Wang Zhelin,