word,n
people,299
nba,221
players,210
team,165
dont,154
hes,150
time,150
vaccine,145
play,141
kyrie,138
lol,137
player,122
game,121
simmons,118
guys,113
shit,111
season,107
basketball,103
don,101
nfl,99
fans,96
guard,94
god,90
im,90
trade,89
doesnt,88
pg,87
teams,84
guy,83
bad,81
gt,81
harden,81
sixers,78
luka,73
lebron,71
lot,71
top,70
fucking,68
games,67
pretty,67
ben,64
isnt,64
covid,62
football,62
talking,61
yeah,61
5,59
2,57
fuck,56
league,54
makes,53
understand,51
playoffs,50
didnt,49
feel,49
vaccinated,49
watch,49
black,48
fan,48
3,47
literally,47
played,47
perk,45
isaac,44
position,44
theyre,44
world,44
dude,43
analysis,42
nets,41
plays,41
steph,41
ve,41
career,40
lmao,40
true,40
youre,40
ball,39
doesn,38
guards,38
philly,38
religious,38
curry,37
finals,37
playing,37
reason,37
shaq,36
stupid,36
vaccines,36
analyst,35
defense,35
embiid,35
picks,35
warriors,35
won,35
hate,34
ja,34
win,34
1,33
care,33
court,33
level,33
post,33
sport,33
takes,33
defensive,32
gonna,32
morey,32
shot,32
situation,32
stuff,32
fun,31
hard,31
history,31
id,31
isn,31
star,31
trae,31
close,30
day,30
east,30
head,30
honestly,30
hope,30
life,30
paul,30
real,30
remember,30
agree,29
crazy,29
espn,29
government,29
half,29
health,29
started,29
ass,28
call,28
heat,28
package,28
religion,28
wrong,28
10,27
4,27
guess,27
happened,27
jonathan,27
lakers,27
media,27
sense,27
talk,27
wait,27
dame,26
deal,26
ive,26
return,26
role,26
sports,26
argument,25
body,25
championship,25
didn,25
kawhi,25
left,25
magic,25
means,25
removed,25
run,25
traded,25
watching,25
wolves,25
wouldnt,25
100,24
absolutely,24
analysts,24
bit,24
entire,24
funny,24
giving,24
series,24
taking,24
wasnt,24
antivax,23
break,23
coverage,23
forward,23
injury,23
ll,23
love,23
matter,23
offense,23
person,23
romo,23
times,23
unvaccinated,23
actual,22
ago,22
beasley,22
conspiracy,22
damn,22
family,22
follow,22
hear,22
hell,22
idiot,22
pick,22
respect,22
trust,22
worst,22
antivaxxers,21
average,21
basically,21
deadline,21
decision,21
dumb,21
hot,21
imagine,21
imo,21
inside,21
jimmy,21
pgs,21
school,21
spread,21
thinking,21
anti,20
arent,20
article,20
beat,20
dlo,20
job,20
line,20
live,20
medical,20
money,20
offensive,20
sg,20
straight,20
trash,20
westbrook,20
wiggins,20
city,19
community,19
completely,19
country,19
irving,19
kat,19
kinda,19
lowry,19
putting,19
risk,19
single,19
stop,19
6,18
bullshit,18
coming,18
considered,18
contract,18
cp3,18
offer,18
positions,18
rj,18
sick,18
totally,18
choice,17
chris,17
clown,17
defender,17
die,17
due,17
film,17
free,17
hed,17
kids,17
low,17
mandate,17
minutes,17
morant,17
prime,17
seasons,17
teammates,17
weird,17
whats,17
amount,16
bro,16
butler,16
current,16
double,16
doubt,16
edit,16
healthy,16
injured,16
lost,16
mj,16
offseason,16
opinion,16
past,16
primary,16
public,16
shooting,16
shouldnt,16
sit,16
society,16
sounds,16
vax,16
watched,16
white,16
allowed,15
calling,15
correct,15
deep,15
drama,15
dudes,15
earth,15
excuse,15
fair,15
fake,15
front,15
happen,15
heard,15
hit,15
home,15
huge,15
joke,15
kareem,15
knowledge,15
shots,15
smart,15
tho,15
virus,15
week,15
words,15
worse,15
15,14
absolute,14
act,14
aren,14
comment,14
commentary,14
extremely,14
fat,14
franchise,14
fucked,14
happy,14
insane,14
issue,14
kd,14
listen,14
lives,14
lose,14
misinformation,14
modern,14
nonsense,14
pro,14
process,14
read,14
reddit,14
selfish,14
table,14
trading,14
tv,14
type,14
video,14
word,14
worth,14
40,13
76ers,13
acl,13
anymore,13
based,13
bigger,13
bol,13
booger,13
celtics,13
chance,13
change,13
cj,13
couple,13
disagree,13
easy,13
fox,13
hospital,13
hurt,13
jrue,13
learned,13
market,13
mind,13
nice,13
pandemic,13
pass,13
perfect,13
recently,13
rights,13
start,13
story,13
super,13
tbh,13
vaccination,13
wont,13
wouldn,13
yall,13
yea,13
20,12
7,12
apparently,12
attack,12
bring,12
broadcast,12
called,12
comments,12
compared,12
confidence,12
continue,12
dangerous,12
days,12
defending,12
deleted,12
disease,12
dumbass,12
eventually,12
force,12
forget,12
idiots,12
idk,12
jackson,12
kid,12
lack,12
leave,12
legit,12
list,12
medicine,12
multiple,12
nah,12
playoff,12
potential,12
question,12
science,12
scorer,12
secret,12
similar,12
starting,12
timberwolves,12
told,12
trump,12
wanna,12
west,12
winning,12
9,11
argue,11
assets,11
athletes,11
attention,11
center,11
consequences,11
constantly,11
cringe,11
depth,11
dying,11
easier,11
embiids,11
fine,11
firsts,11
harder,11
hasn,11
ill,11
injuries,11
issac,11
issues,11
knee,11
kobe,11
kyries,11
leading,11
learn,11
losing,11
major,11
manute,11
minnesota,11
moron,11
move,11
mvp,11
professional,11
proof,11
race,11
research,11
rules,11
sf,11
stephen,11
steve,11
surprised,11
thread,11
trades,11
understanding,11
union,11
wasn,11
wins,11
amp,10
aunt,10
blame,10
buy,10
carry,10
chip,10
coaching,10
cut,10
defend,10
difference,10
doctors,10
draft,10
explain,10
gil,10
gotta,10
hold,10
human,10
idea,10
james,10
leonard,10
listed,10
looked,10
majority,10
mark,10
mcdaniels,10
os,10
personal,10
personally,10
plenty,10
posts,10
ppl,10
rarely,10
reading,10
respected,10
rookie,10
sell,10
set,10
social,10
solid,10
surgery,10
telling,10
terms,10
tnt,10
tony,10
vaxxed,10
waiting,10
whos,10
8,9
90,9
allstar,9
arenas,9
blazers,9
brown,9
bucks,9
car,9
casual,9
choose,9
claims,9
cleveland,9
clippers,9
clowns,9
coaches,9
comparable,9
couldn,9
created,9
culture,9
delusional,9
desperate,9
detail,9
devos,9
dislike,9
dpoy,9
dr,9
drop,9
easily,9
eat,9
entertaining,9
equivalent,9
explaining,9
fanbase,9
fast,9
fauci,9
favorite,9
fit,9
floor,9
genuinely,9
hands,9
happening,9
hasnt,9
height,9
including,9
incredibly,9
jaylen,9
jesus,9
jokic,9
journalism,9
kyle,9
match,9
month,9
months,9
national,9
news,9
obvious,9
offers,9
office,9
pay,9
period,9
perkins,9
plan,9
playmaking,9
plot,9
protect,9
reality,9
reasonable,9
reasons,9
regular,9
report,9
require,9
richard,9
sentence,9
simple,9
size,9
spurs,9
starts,9
stats,9
stay,9
street,9
system,9
tend,9
terrible,9
theories,9
throw,9
ton,9
volleyball,9
war,9
waste,9
werent,9
window,9
xs,9
youth,9
30,8
ad,8
add,8
amazing,8
analyze,8
assume,8
baseball,8
basis,8
beast,8
beliefs,8
believes,8
biggest,8
bottom,8
breaking,8
brogdon,8
buddy,8
camp,8
cares,8
church,8
claim,8
coach,8
common,8
conley,8
contagious,8
control,8
cool,8
dead,8
death,8
deaths,8
decide,8
died,8
draymond,8
elite,8
experts,8
eyes,8
faith,8
fall,8
fault,8
flat,8
fo,8
foot,8
forgot,8
found,8
giannis,8
goal,8
governments,8
havent,8
highly,8
hilarious,8
humans,8
idiotic,8
instagram,8
jefferson,8
jersey,8
jordan,8
kendrick,8
kuz,8
lead,8
lebrons,8
legler,8
lie,8
liking,8
local,8
logic,8
malik,8
mentioned,8
microchips,8
middle,8
miss,8
movement,8
necessarily,8
negative,8
piece,8
poor,8
pounds,8
power,8
president,8
quick,8
radio,8
random,8
realize,8
required,8
rich,8
roster,8
rule,8
salary,8
schemes,8
sound,8
speak,8
spent,8
spot,8
spreading,8
stand,8
stick,8
straw,8
strong,8
talked,8
tells,8
theyve,8
title,8
traditional,8
vice,8
vince,8
wasting,8
weight,8
wild,8
wow,8
2nd,7
ability,7
abortion,7
added,7
ah,7
air,7
al,7
alcohol,7
america,7
analyzing,7
arguments,7
artist,7
asset,7
automatically,7
banksy,7
base,7
bench,7
bens,7
boat,7
books,7
breakdown,7
bringing,7
brought,7
bs,7
bubble,7
building,7
burleson,7
cap,7
christian,7
closer,7
color,7
commentators,7
competitive,7
conference,7
contracts,7
couldnt,7
count,7
countries,7
decent,7
decided,7
essentially,7
executive,7
exist,7
experience,7
field,7
future,7
goat,7
golf,7
gtthe,7
hill,7
historically,7
holiday,7
holy,7
house,7
include,7
interview,7
jobs,7
journalists,7
kanter,7
kerr,7
kill,7
la,7
lower,7
manning,7
mask,7
master,7
mental,7
minute,7
missed,7
moreno,7
nature,7
night,7
normal,7
ny,7
objectively,7
oppression,7
passport,7
peyton,7
population,7
portland,7
positive,7
qb,7
range,7
recent,7
record,7
result,7
ridiculous,7
rivalry,7
round,7
running,7
ryan,7
safe,7
san,7
schools,7
serves,7
shut,7
simply,7
slightly,7
smile,7
societies,7
sort,7
staff,7
stars,7
stories,7
suns,7
talent,7
talks,7
tf,7
thybulle,7
tim,7
total,7
tuskegee,7
twitter,7
valley,7
walking,7
wizards,7
wouldve,7
2016,6
2020,6
3rd,6
50,6
60,6
acting,6
action,6
adding,6
admit,6
age,6
american,6
anthony,6
athlete,6
audience,6
aware,6
awesome,6
barely,6
belief,6
brain,6
brand,6
breaks,6
brooklyn,6
build,6
built,6
california,6
cancer,6
caught,6
census,6
christ,6
class,6
classified,6
commentator,6
committee,6
communities,6
compare,6
comparison,6
complain,6
complex,6
computer,6
connect,6
conversation,6
credit,6
dad,6
deals,6
dick,6
disdain,6
doncic,6
durant,6
duties,6
exact,6
excellent,6
expect,6
extra,6
fight,6
filler,6
flood,6
food,6
forced,6
foul,6
freedom,6
freedoms,6
fuckin,6
gms,6
goals,6
growing,6
guessing,6
hand,6
hang,6
haven,6
heads,6
heart,6
hole,6
holes,6
honest,6
horrible,6
houston,6
ignorance,6
implanting,6
insight,6
insightful,6
jvg,6
killed,6
kuzma,6
late,6
laugh,6
legitimately,6
levels,6
lillard,6
limited,6
lining,6
listening,6
literal,6
lowe,6
luck,6
machine,6
maturity,6
maxey,6
mention,6
michael,6
mid,6
millionaire,6
moment,6
morons,6
movie,6
nate,6
odd,6
offered,6
opinions,6
opposing,6
option,6
original,6
orlovsky,6
packages,6
passed,6
picture,6
political,6
preach,6
prevent,6
prince,6
quote,6
raptors,6
rate,6
ratings,6
resistance,6
ring,6
roll,6
russ,6
sad,6
satan,6
save,6
screen,6
shitty,6
shock,6
shooters,6
silver,6
smarter,6
smith,6
standard,6
standing,6
suck,6
superior,6
swap,6
taller,6
theorist,6
tons,6
topic,6
toxic,6
training,6
truth,6
vaccinations,6
view,6
visiting,6
vocal,6
warren,6
youd,6
youtube,6
youve,6
2019,5
23,5
4th,5
6ers,5
accurate,5
achieve,5
advanced,5
afraid,5
allen,5
angry,5
answer,5
anthem,5
antivaxx,5
antivaxxer,5
arena,5
asshole,5
assists,5
avoid,5
awful,5
baby,5
bag,5
basic,5
beal,5
beating,5
believing,5
bias,5
bible,5
blue,5
booth,5
borderline,5
born,5
boston,5
bought,5
breakdowns,5
brings,5
bruh,5
bulls,5
bunch,5
carter,5
cast,5
catch,5
cavs,5
championships,5
chemistry,5
comparing,5
conferences,5
conservative,5
correctly,5
covered,5
crew,5
deadly,5
debate,5
decades,5
decisions,5
def,5
defends,5
defenses,5
definition,5
depends,5
deserve,5
deserves,5
details,5
difficult,5
discussion,5
doc,5
doctor,5
dropped,5
drugs,5
earlier,5
edwards,5
enter,5
era,5
evidence,5
expectation,5
facebook,5
feels,5
flag,5
flair,5
focus,5
focused,5
folks,5
forever,5
forwards,5
francis,5
francisco,5
garbage,5
george,5
glad,5
gm,5
gods,5
hardens,5
harmless,5
hearing,5
heavy,5
hitting,5
holding,5
hoping,5
horse,5
httpsstreamablecom9lpc32,5
ignorant,5
ignore,5
illegal,5
improve,5
increase,5
incredible,5
indy,5
informative,5
jeff,5
john,5
jump,5
kg,5
kp,5
leads,5
link,5
lmfao,5
lots,5
lottery,5
loved,5
loves,5
lucky,5
main,5
marcus,5
masks,5
massive,5
matchup,5
matters,5
meant,5
meet,5
memes,5
minny,5
minority,5
mins,5
misrepresented,5
misunderstood,5
mpj,5
nash,5
obnoxious,5
offball,5
offensively,5
online,5
opponents,5
opportunity,5
orlando,5
pace,5
pain,5
personality,5
philadelphia,5
physical,5
pippen,5
potentially,5
pre,5
preseason,5
pretend,5
price,5
programs,5
prove,5
provide,5
pull,5
questions,5
quickly,5
rare,5
ray,5
rebuild,5
receive,5
refusing,5
reggie,5
reporting,5
republican,5
rescue,5
responsibilities,5
rest,5
retire,5
rondo,5
route,5
runs,5
russell,5
scientists,5
scoring,5
scottie,5
settle,5
shape,5
shoot,5
shown,5
situations,5
soft,5
stadium,5
starter,5
stopping,5
successful,5
suddenly,5
superstar,5
surprising,5
svg,5
swear,5
tall,5
theory,5
thousands,5
toronto,5
tough,5
town,5
unvaxxed,5
van,5
veteran,5
views,5
voice,5
watches,5
weak,5
wear,5
wing,5
woman,5
workers,5
wtf,5
yep,5
zach,5
1020,4
11,4
12,4
14,4
18,4
2011,4
22,4
31,4
90s,4
accept,4
actively,4
adam,4
af,4
afford,4
agreed,4
aikman,4
aint,4
allstars,4
alright,4
analytics,4
andor,4
antibody,4
apg,4
apply,4
arguably,4
artillery,4
assholes,4
assuming,4
barry,4
bc,4
beds,4
begin,4
believed,4
benefit,4
beverly,4
billionaires,4
bio,4
blew,4
bodner,4
box,4
boxing,4
boy,4
brady,4
brainwash,4
brook,4
brother,4
brothers,4
caliber,4
camera,4
card,4
carrying,4
cavaliers,4
challenged,4
changed,4
character,4
charles,4
charlotte,4
children,4
christianity,4
citizens,4
claimed,4
clowning,4
clue,4
clueless,4
college,4
collison,4
comfortable,4
comparisons,4
competing,4
competition,4
complaining,4
complicated,4
concept,4
conditions,4
conservatives,4
constant,4
context,4
core,4
council,4
coverages,4
covering,4
crap,4
critical,4
crowd,4
cup,4
currys,4
cycle,4
data,4
decade,4
deeper,4
defence,4
deniers,4
dennis,4
describe,4
determine,4
distrust,4
dominant,4
donald,4
door,4
dragged,4
dragic,4
drastically,4
drive,4
drunk,4
duke,4
eastern,4
eating,4
education,4
effects,4
ego,4
elites,4
enemy,4
enjoy,4
entertainment,4
equal,4
event,4
expectations,4
experiment,4
explained,4
famous,4
fear,4
federal,4
feet,4
fights,4
finally,4
finneysmith,4
fire,4
fitness,4
fix,4
formation,4
formations,4
friends,4
frustrating,4
gameplan,4
gameplay,4
gap,4
garnett,4
gilbert,4
guaranteed,4
guarding,4
haha,4
handler,4
hardaway,4
helps,4
hesitancy,4
hey,4
hometown,4
horford,4
hospitals,4
hours,4
hubie,4
hunger,4
ideas,4
ignoring,4
illness,4
immune,4
impact,4
importance,4
impossible,4
inches,4
included,4
individual,4
insights,4
internet,4
invited,4
involved,4
irvin,4
joking,4
jrich,4
kenny,4
kings,4
klay,4
knicks,4
knowledgeable,4
lamar,4
law,4
laws,4
lazy,4
leagues,4
legend,4
leverage,4
light,4
likes,4
lived,4
living,4
locations,4
lockdown,4
logical,4
london,4
longterm,4
mad,4
mainstream,4
mandates,4
markets,4
mavs,4
max,4
meaning,4
mentality,4
mike,4
miller,4
million,4
millions,4
mindset,4
missing,4
mlb,4
mnf,4
morning,4
mouth,4
names,4
network,4
note,4
nut,4
nyc,4
obese,4
obesity,4
op,4
organization,4
outbid,4
overpay,4
overrated,4
owner,4
pacers,4
paid,4
paper,4
park,4
parker,4
paying,4
peak,4
percentage,4
petty,4
plane,4
playmaker,4
podcast,4
politicians,4
pope,4
positional,4
pray,4
protocols,4
proven,4
purpose,4
quit,4
racist,4
ran,4
rank,4
rankings,4
reach,4
reactions,4
ready,4
realistic,4
records,4
refuse,4
relative,4
relevant,4
repeat,4
replay,4
retired,4
retirement,4
ridiculously,4
rising,4
riverside,4
rnba,4
road,4
rockets,4
roles,4
rose,4
rosters,4
safety,4
sane,4
scenario,4
scenes,4
schroeder,4
score,4
send,4
share,4
short,4
significant,4
simms,4
sits,4
skill,4
skills,4
smartest,4
smh,4
source,4
south,4
speaking,4
specifically,4
spite,4
statements,4
steps,4
stockton,4
strawman,4
stretch,4
stronger,4
studied,4
studying,4
success,4
sucks,4
summer,4
sunday,4
supported,4
supposed,4
teach,4
technical,4
thankful,4
theyll,4
thirst,4
threw,4
throwing,4
thrown,4
throws,4
thumb,4
tier,4
till,4
torn,4
transition,4
treatment,4
ultimately,4
uncle,4
unique,4
ur,4
usa,4
variety,4
vaxxers,4
version,4
vikings,4
waited,4
walk,4
washed,4
water,4
weed,4
weighed,4
wings,4
wr,4
youll,4
yup,4
zone,4
0,3
13,3
15th,3
16,3
1sts,3
200,3
2012,3
2017,3
20ppg,3
21,3
24,3
33,3
3p,3
400,3
44,3
48,3
5060,3
69,3
80s,3
82,3
95,3
abortions,3
accepted,3
account,3
accountable,3
acknowledge,3
actions,3
agenda,3
agreement,3
ahead,3
alot,3
americans,3
analog,3
analystscommentators,3
analytical,3
annoying,3
antisemitic,3
anytime,3
appears,3
applies,3
arguing,3
articulate,3
aspect,3
aspects,3
athletic,3
attach,3
attempt,3
attitude,3
averaged,3
averages,3
awareness,3
awhile,3
ban,3
barnes,3
beach,3
beautiful,3
beef,3
behavior,3
betsy,3
bidding,3
bill,3
biology,3
birth,3
bizarre,3
blah,3
blm,3
block,3
blocked,3
blow,3
blown,3
bluff,3
board,3
bodies,3
boi,3
boils,3
bradley,3
brent,3
broadcasts,3
bron,3
bully,3
bummer,3
buzz,3
calls,3
canada,3
cannon,3
capable,3
cassell,3
cavalry,3
century,3
champion,3
chances,3
changing,3
charitable,3
charity,3
check,3
chess,3
child,3
chill,3
choices,3
christians,3
chuck,3
claiming,3
clark,3
clock,3
closest,3
clothes,3
clowned,3
cold,3
combat,3
commenting,3
considers,3
consistently,3
conspiracies,3
constitution,3
content,3
continues,3
correlation,3
cost,3
counter,3
cover,3
criticize,3
criticizing,3
crowds,3
cult,3
curious,3
dan,3
dark,3
darren,3
defended,3
defenders,3
defensively,3
degree,3
demand,3
demar,3
democrats,3
deny,3
depending,3
derek,3
derozan,3
develop,3
digital,3
dirk,3
disappointing,3
diseases,3
distant,3
dorian,3
downvote,3
downvoted,3
downvotes,3
drafted,3
dragging,3
dreams,3
drinking,3
driven,3
dumbasses,3
dumbest,3
dunno,3
educated,3
effect,3
effective,3
effectively,3
effort,3
eh,3
election,3
eligible,3
elitist,3
empire,3
employer,3
energy,3
enforced,3
engage,3
enjoyed,3
enjoying,3
entertain,3
europe,3
evangelical,3
everytime,3
evil,3
exclamation,3
existence,3
expected,3
explanation,3
extent,3
eye,3
fail,3
fallacy,3
falsey,3
familiar,3
fantastic,3
faster,3
favorites,3
fellow,3
figure,3
fired,3
fits,3
flipped,3
floppy,3
florida,3
flow,3
fly,3
format,3
formula,3
freaking,3
friend,3
ft,3
funniest,3
generation,3
gift,3
global,3
golfers,3
goran,3
gr,3
grant,3
gravity,3
green,3
grew,3
gritty,3
grow,3
gthe,3
gtirving,3
gtwhat,3
guarded,3
gundy,3
guns,3
haliburton,3
handle,3
handlers,3
handles,3
hardest,3
harris,3
hated,3
hating,3
heaven,3
heavily,3
heild,3
helpful,3
hits,3
hockey,3
hoop,3
hornets,3
hour,3
hrs,3
hs,3
humility,3
hundreds,3
hybrids,3
immunity,3
increasingly,3
influence,3
instance,3
intended,3
international,3
involve,3
iq,3
irony,3
isaacs,3
jamal,3
jas,3
jazz,3
jews,3
johnathan,3
jr,3
karl,3
keeping,3
kevin,3
kick,3
killing,3
knowing,3
kuminga,3
lacob,3
laughs,3
lbj,3
leader,3
leaders,3
leaning,3
leaves,3
legacy,3
legs,3
letting,3
lines,3
lineup,3
lmaooo,3
lo,3
loaded,3
lock,3
locker,3
lonzo,3
lopez,3
loss,3
madden,3
malicious,3
march,3
mass,3
matisse,3
matrix,3
mavericks,3
meaningless,3
mediocre,3
message,3
miami,3
microchip,3
mil,3
minds,3
mine,3
mirror,3
misrepresentation,3
mo,3
moon,3
moreys,3
moving,3
nantz,3
nation,3
native,3
natives,3
nbpa,3
needle,3
net,3
networks,3
nope,3
notice,3
nuts,3
obsessed,3
official,3
officials,3
olds,3
omega,3
opportunities,3
opposed,3
opposite,3
org,3
outcome,3
outlandish,3
outspoken,3
overlap,3
overtime,3
overweight,3
owners,3
page,3
pair,3
palace,3
parent,3
passes,3
pathetic,3
patients,3
pauses,3
pelicans,3
percent,3
phil,3
picked,3
pierce,3
pistons,3
planet,3
polio,3
ppg,3
prayed,3
press,3
pressure,3
preventable,3
previous,3
priority,3
privileged,3
product,3
promoting,3
prone,3
protected,3
protest,3
provided,3
pulled,3
push,3
pushing,3
qbs,3
racism,3
raise,3
raised,3
reasoning,3
recall,3
reduce,3
reduces,3
refusal,3
refused,3
related,3
relationship,3
rely,3
remain,3
rent,3
reports,3
representation,3
requirements,3
reservation,3
respecting,3
respond,3
restrictions,3
retires,3
rolling,3
ron,3
rookies,3
ryder,3
sabonis,3
sabotage,3
salaries,3
saric,3
scal,3
scheme,3
schroder,3
segment,3
segments,3
selling,3
semantics,3
sermon,3
sexton,3
shame,3
shaqs,3
ship,3
shits,3
shoes,3
shop,3
shoulders,3
signed,3
sioux,3
siragusa,3
skillset,3
skinnier,3
skinny,3
smiles,3
smiling,3
smoking,3
song,3
souls,3
special,3
specific,3
spitting,3
split,3
spout,3
stake,3
stan,3
status,3
steals,3
step,3
stoppages,3
store,3
storied,3
storylines,3
strategy,3
stuck,3
study,3
style,3
subjective,3
subreddit,3
suburbs,3
succeed,3
suggests,3
superstars,3
surgeries,3
surrounding,3
swept,3
switch,3
switched,3
sympathy,3
tactics,3
talented,3
tendencies,3
terry,3
tested,3
theyd,3
thin,3
thoughtful,3
threads,3
timeout,3
tired,3
todays,3
trigger,3
triple,3
troll,3
trolling,3
truck,3
tweet,3
tweets,3
twolves,3
typical,3
typically,3
uk,3
unbelievable,3
underdog,3
understands,3
understood,3
unlike,3
ups,3
urgency,3
valuable,3
venue,3
vid,3
viewed,3
viewer,3
voted,3
vp,3
wall,3
walton,3
waters,3
weapon,3
weeks,3
weigh,3
weve,3
wife,3
willingly,3
wilt,3
wise,3
wondered,3
wondering,3
worlds,3
worried,3
written,3
wrs,3
ya,3
yelling,3
yikes,3
york,3
04,2
1000,2
108,2
10th,2
144000,2
15my,2
18th,2
19,2
1st,2
2000s,2
2010,2
20102011,2
20112014,2
2014,2
2015,2
2018,2
2021,2
27,2
29,2
2k,2
2x,2
34,2
35,2
3x,2
40m,2
45,2
504090,2
510,2
52,2
65,2
70,2
700000,2
77,2
8th,2
98,2
aaron,2
ab,2
aba,2
academic,2
access,2
accident,2
accomplishment,2
accountability,2
accounts,2
accurately,2
acho,2
active,2
acts,2
addition,2
admits,2
admitted,2
advice,2
affect,2
affected,2
agony,2
ain,2
akron,2
alabama,2
algorithm,2
aliens,2
americas,2
ampx200b,2
anesthesia,2
angle,2
animals,2
announcing,2
ant,2
antibodies,2
appeal,2
appearances,2
archive,2
arms,2
aspirations,2
assumed,2
assumption,2
assumptions,2
asterisks,2
attacking,2
attendance,2
attended,2
auntie,2
australia,2
authority,2
autograph,2
automoderation,2
awards,2
awkward,2
awol,2
balance,2
balls,2
balsa,2
bamba,2
bandwagon,2
bare,2
bargaining,2
barkley,2
basics,2
bball,2
beer,2
behold,2
belago,2
beneficial,2
benevolent,2
bet,2
biblical,2
biden,2
bike,2
billion,2
blanket,2
blend,2
blocking,2
blocks,2
blood,2
blowout,2
booed,2
boomed,2
boomers,2
booster,2
boosters,2
bored,2
bothering,2
boucher,2
bowl,2
boys,2
brains,2
brigaded,2
bright,2
brilliant,2
broke,2
broken,2
brush,2
bullied,2
bum,2
bums,2
bus,2
business,2
businesses,2
butt,2
butthurt,2
button,2
cage,2
cain,2
campaign,2
camps,2
cards,2
carried,2
categorize,2
category,2
caused,2
cdc,2
champions,2
chase,2
chats,2
cheap,2
checked,2
checks,2
cheese,2
cheryl,2
chicken,2
china,2
choosing,2
chosen,2
circle,2
circumstance,2
cited,2
cities,2
clarifying,2
classes,2
classification,2
clicks,2
climb,2
closing,2
club,2
coffee,2
collar,2
collective,2
combination,2
combo,2
comeback,2
comedy,2
commandment,2
commend,2
commented,2
company,2
compelled,2
compete,2
complete,2
complications,2
compromise,2
concentrate,2
concentration,2
concepts,2
concerned,2
conclusion,2
conduct,2
confident,2
consensus,2
consideration,2
consistent,2
conspirators,2
contact,2
contending,2
contrarian,2
contributions,2
convenient,2
converted,2
convince,2
convinced,2
coopted,2
copy,2
corner,2
counting,2
county,2
covid19,2
cowboys,2
cp,2
crashing,2
create,2
creating,2
criticism,2
cross,2
cuz,2
dagger,2
daily,2
dak,2
dallas,2
dangelo,2
dare,2
darius,2
daryl,2
daughter,2
de,2
dealing,2
december,2
decides,2
defined,2
definitions,2
dell,2
democratic,2
denier,2
denying,2
deperate,2
depression,2
description,2
designation,2
designations,2
designed,2
detroit,2
developers,2
developing,2
development,2
digesting,2
dilfer,2
dinosaurs,2
dipshits,2
directed,2
directly,2
disappear,2
disappointed,2
discover,2
discovered,2
discuss,2
discussed,2
discussions,2
disingenuous,2
display,2
disqualified,2
disqualifies,2
disqualify,2
disrespect,2
disrespectful,2
dissing,2
doable,2
documentary,2
dog,2
dominated,2
downhill,2
drag,2
drawing,2
dray,2
dream,2
drew,2
drives,2
drops,2
drowning,2
drug,2
dsj,2
dual,2
ducking,2
duncan,2
dunk,2
duo,2
eagles,2
earliest,2
easiest,2
efficacy,2
einstein,2
eli,2
eliminated,2
ellen,2
embarrassed,2
embids,2
emergency,2
employees,2
employers,2
empower,2
encourage,2
enes,2
engaging,2
enhanced,2
entertainers,2
enthusiasm,2
environment,2
ep,2
everclear,2
examples,2
exception,2
exchange,2
exclusive,2
executives,2
exempt,2
exercise,2
exit,2
experimental,2
expert,2
expiring,2
explicitly,2
exposed,2
express,2
extends,2
extension,2
extreme,2
faced,2
facing,2
factor,2
failed,2
fairly,2
families,2
fanbases,2
fandom,2
father,2
favor,2
favour,2
favourite,2
fell,2
femur,2
fiasco,2
fiction,2
fields,2
fighting,2
figured,2
figures,2
filled,2
final,2
finding,2
fined,2
fines,2
finger,2
finished,2
flawed,2
flooded,2
focusing,2
folk,2
foolish,2
footwork,2
forcing,2
foreign,2
form,2
foundation,2
frame,2
framed,2
frankly,2
frazier,2
freeman,2
frequently,2
fringe,2
frustrated,2
fuckers,2
fuels,2
fundamentally,2
fvv,2
gain,2
gamble,2
garland,2
gasol,2
generate,2
genetics,2
genius,2
genocide,2
genuine,2
gesture,2
giant,2
giants,2
gig,2
giveaway,2
glaring,2
glass,2
goats,2
goddamn,2
golden,2
google,2
gotcha,2
grade,2
graft,2
grand,2
greg,2
griffin,2
groundbreaking,2
gsw,2
gtbut,2
gtdo,2
gtmore,2
gtnfl,2
gtreally,2
gtwas,2
guest,2
guidelines,2
hairs,2
hakeem,2
halftime,2
hall,2
handling,2
hardball,2
harming,2
hat,2
hater,2
heal,2
healthcare,2
hebrew,2
heck,2
hedging,2
helicopter,2
hella,2
helped,2
helper,2
heres,2
herman,2
hero,2
highschool,2
hindu,2
hinted,2
hired,2
historical,2
hitler,2
hoford,2
hollins,2
horns,2
horribly,2
hospitalization,2
hospitalized,2
hostage,2
hotel,2
httpsstreamablecomv2g190,2
huh,2
humbled,2
hurry,2
hurts,2
hype,2
hypocritical,2
hypothetical,2
ideology,2
ids,2
iirc,2
immediately,2
implode,2
impose,2
improved,2
improves,2
inbounds,2
indepth,2
individuals,2
inefficient,2
inevitable,2
infection,2
infectious,2
infinitely,2
information,2
inseason,2
insecurities,2
insert,2
insisting,2
instant,2
institutions,2
integral,2
intelectual,2
intellectual,2
intelligence,2
intelligent,2
interior,2
involves,2
irrelevant,2
islam,2
island,2
isolate,2
israelites,2
itd,2
iverson,2
jab,2
jalen,2
jaren,2
jason,2
jerry,2
jerseys,2
jessica,2
jim,2
joe,2
johnson,2
joined,2
joining,2
jokes,2
jonathon,2
jordans,2
judging,2
juice,2
jumped,2
justify,2
kaepernick,2
kaminsky,2
kar,2
key,2
kidd,2
killer,2
kills,2
kinds,2
kneeling,2
knees,2
knocked,2
korea,2
lab,2
lacks,2
laker,2
lamb,2
land,2
landing,2
largest,2
laughing,2
lay,2
leadership,2
learning,2
leaving,2
led,2
leg,2
legal,2
legendary,2
legends,2
legitimacy,2
levert,2
lewis,2
liberal,2
liberals,2
license,2
lifelong,2
lifetime,2
lift,2
limiting,2
lineman,2
load,2
locked,2
lord,2
lorries,2
loses,2
loud,2
lowest,2
lukas,2
mac,2
magically,2
malice,2
malnutrition,2
malone,2
mamba,2
management,2
mandating,2
mandatory,2
manner,2
mannings,2
manu,2
map,2
maskers,2
massachusetts,2
massively,2
mat,2
matchups,2
mccollum,2
meaningful,2
mechanics,2
meniscus,2
mentioning,2
met,2
meth,2
mic,2
miles,2
military,2
milwaukee,2
minimum,2
miserable,2
mistakes,2
mjd,2
mjs,2
model,2
models,2
modmail,2
moments,2
monday,2
morals,2
morgan,2
moronic,2
motion,2
mountain,2
mountains,2
moved,2
movements,2
moves,2
muh,2
multi,2
murdered,2
music,2
muslim,2
mute,2
mutually,2
naive,2
narcissism,2
narrative,2
nationalist,2
nations,2
natural,2
negatives,2
ngl,2
nickname,2
noi,2
north,2
notable,2
noted,2
notes,2
noticed,2
nowadays,2
nuggets,2
objective,2
obligated,2
obscure,2
obsessive,2
obtaining,2
occasionally,2
odds,2
ofc,2
offence,2
offices,2
og,2
ohtani,2
okc,2
openly,2
oppress,2
ops,2
oriented,2
outta,2
outweigh,2
overlapping,2
overlooked,2
overrate,2
owned,2
ownership,2
owns,2
paced,2
pachulia,2
painful,2
paint,2
painted,2
paired,2
pandemics,2
panel,2
par,2
participation,2
party,2
patient,2
patterns,2
peoples,2
perfectly,2
perform,2
performance,2
performing,2
persona,2
perspective,2
persuaded,2
pf,2
philosopher,2
phones,2
photo,2
pic,2
picking,2
pipe,2
piss,2
pisses,2
platform,2
pls,2
pnr,2
podcasts,2
policies,2
policy,2
pool,2
porch,2
porzingis,2
pos,2
positives,2
possession,2
possibilities,2
posted,2
posting,2
postponed,2
powerful,2
practically,2
practice,2
practicing,2
praise,2
precedent,2
preexisting,2
prefer,2
preparing,2
pretending,2
preventing,2
primarily,2
private,2
produced,2
profile,2
project,2
projecting,2
promote,2
propoganda,2
proposition,2
proudly,2
provaccine,2
provocative,2
psa,2
pseudoscience,2
publicly,2
published,2
pulling,2
pure,2
purely,2
purposely,2
pyramids,2
qanon,2
quality,2
quarterbacks,2
quest,2
quiet,2
quotes,2
rabbit,2
rabid,2
rancho,2
randomly,2
ranking,2
rapture,2
raw,2
reached,2
reads,2
reaffirming,2
realistically,2
realized,2
realmtime,2
rear,2
recipe,2
reconstruction,2
red,2
redundant,2
referring,2
refreshing,2
relation,2
release,2
relief,2
reload,2
remains,2
remembered,2
remembering,2
reminder,2
reminds,2
repair,2
repetition,2
reported,2
reporter,2
representative,2
requirement,2
requires,2
reserved,2
respective,2
rhermancainaward,2
rhetoric,2
riamverysmart,2
ridicule,2
rigid,2
rings,2
rn,2
rnfl,2
rock,2
rome,2
roof,2
root,2
rope,2
rosas,2
rough,2
roughly,2
routes,2
rozier,2
rs,2
rubio,2
ruin,2
rumored,2
russel,2
salad,2
salarycap,2
salvage,2
sam,2
sandwich,2
sans,2
sarcastic,2
saves,2
saving,2
scale,2
scary,2
scheming,2
scraps,2
screens,2
scroll,2
secure,2
seed,2
seeking,2
seemingly,2
semantic,2
separate,2
servant,2
service,2
serviceable,2
seth,2
sets,2
shamed,2
sharecroppers,2
shares,2
sheesh,2
shes,2
shirt,2
shitshow,2
shittiness,2
shitting,2
shocked,2
shockingly,2
shohei,2
shooter,2
shootout,2
shoots,2
shorter,2
shoud,2
shouldn,2
shovel,2
shun,2
shy,2
significantly,2
silly,2
simmens,2
sitting,2
sixer,2
sized,2
skeleton,2
skin,2
skip,2
sky,2
slander,2
sleep,2
slotted,2
smoltz,2
soccer,2
solely,2
sooner,2
sophomore,2
soreness,2
sorta,2
sorts,2
sounding,2
sources,2
space,2
spacing,2
spears,2
species,2
speech,2
spell,2
spend,2
spew,2
spirit,2
spiting,2
splitting,2
spoiled,2
spots,2
spouting,2
squad,2
stain,2
stands,2
starlevel,2
stat,2
stated,2
staying,2
stays,2
stemming,2
stern,2
sticks,2
stiff,2
stoic,2
stone,2
stood,2
stoppage,2
straightup,2
strain,2
strange,2
strategic,2
stream,2
strict,2
struggling,2
studio,2
stupidest,2
stupidity,2
successfully,2
sucked,2
suggest,2
suicide,2
superteam,2
support,2
supporting,2
supportive,2
surrounded,2
sweep,2
tagged,2
talib,2
tank,2
tantrum,2
taught,2
teachers,2
teachings,2
teammate,2
tear,2
technically,2
tee,2
teeth,2
telecast,2
temper,2
tennis,2
term,2
test,2
testament,2
theorists,2
thou,2
thousand,2
threatened,2
thunder,2
thursday,2
tigers,2
til,2
tissue,2
tobias,2
toggled,2
tool,2
tools,2
tops,2
tournament,2
towns,2
train,2
transmission,2
trashed,2
travel,2
traveling,2
treat,2
trent,2
tribe,2
tricked,2
tricks,2
trips,2
troy,2
trusted,2
trusting,2
tuesday,2
tune,2
turner,2
tyki,2
types,2
uh,2
uhh,2
ultra,2
um,2
unconscious,2
underrate,2
underrating,2
unfair,2
unfortunate,2
unfounded,2
unit,2
untouchable,2
unwilling,2
upset,2
upside,2
useless,2
user,2
vastly,2
vaxx,2
vaxxer,2
vein,2
versa,2
versus,2
vibes,2
victims,2
viewers,2
vindicating,2
violation,2
virgin,2
virtually,2
vision,2
vocally,2
voices,2
void,2
votes,2
waaaaah,2
wah,2
walker,2
walt,2
wasted,2
weaknesses,2
weapons,2
wearing,2
wednesday,2
weekend,2
weirdo,2
wellbeing,2
whining,2
whiny,2
wi,2
wigs,2
wikipedia,2
wiley,2
winding,2
wine,2
winwin,2
wires,2
wiseman,2
witten,2
wiz,2
woke,2
wood,2
worldwide,2
worthy,2
wreck,2
wrestling,2
write,2
writer,2
wrote,2
yakub,2
zaza,2
zion,2
03,1
05,1
06062011,1
07,1
100ks,1
1013,1
1015,1
106,1
107,1
10pts,1
10x,1
10years,1
115,1
11th,1
120,1
123,1
1231,1
1232,1
14th,1
1518,1
159,1
15yr,1
17,1
17th,1
180,1
190,1
196,1
1980,1
1998,1
1l,1
1on1,1
2000httpscanbacomnewsrevisitingsomeofthemostimpactfuldealsatthenbatradedeadlinesincetheyear2000rk8sg9udnjt416rhzcbyald04,1
2003,1
2008,1
200httpswwwnydailynewscomresizerffaolom7kfbfqxrfy8kmoicbw800x655toparcanglerfisharc2prodtroncs3amazonawscompublic42jtknpeoj2cw3qvtlmuxxzovqjpg,1
20100,1
20112012,1
20122013,1
2013,1
20132014,1
20142015,1
20152016,1
20152019,1
2015ish,1
20162017,1
201718,1
20172018,1
20182019,1
201920,1
20192020,1
2025,1
205,1
2077,1
20ptsgame,1
20s,1
20th,1
215,1
220,1
234,1
238,1
23yearold,1
240,1
2450,1
25,1
25hr,1
26,1
28,1
280,1
2888,1
2b,1
2nd3rd4thhow,1
2paul,1
30hrs,1
30s,1
30yo,1
311,1
34910,1
34s,1
35yo,1
36,1
37,1
38,1
3dame,1
3s,1
3team,1
3v3,1
4000,1
40hrs,1
40s,1
41,1
42,1
431713,1
441,1
5050,1
50now,1
5148,1
53,1
55,1
5d,1
5th,1
5x,1
610,1
6th,1
79,1
7,1
7d,1
7ft,1
7th,1
7year,1
800,1
820,1
87,1
88,1
89,1
911,1
96,1
99,1
999,1
9th,1
9year,1
abandoning,1
abbot,1
abc,1
abdulrauf,1
aboveaverage,1
absence,1
academy,1
accepetable,1
acceptable,1
accepting,1
accidents,1
accolades,1
accomplishments,1
accountant,1
accounting,1
ace,1
achieved,1
acid,1
ackshually,1
acquire,1
acquired,1
activax,1
activities,1
activity,1
actuality,1
actuallyidk,1
adamant,1
adapting,1
adapts,1
addicted,1
addiction,1
address,1
addressed,1
adjustments,1
administration,1
adore,1
adult,1
advance,1
advantage,1
adventage,1
adverse,1
adversely,1
adversity,1
advisors,1
advocates,1
advocating,1
aew,1
affirmed,1
african,1
agaisnt,1
agency,1
agent,1
aggressiveness,1
aging,1
agnostic,1
agreeing,1
agrees,1
aide,1
aight,1
aikmanbuck,1
ailments,1
aired,1
airliners,1
aka,1
ala,1
alcoholism,1
alfred,1
ali,1
alien,1
aliviate,1
allantivax,1
allie,1
allin,1
allnba,1
alongside,1
alooooottttt,1
alottttffff,1
alphabet,1
alternate,1
alternative,1
altogether,1
ambition,1
amen,1
amendment,1
amex,1
amid,1
amir,1
amounts,1
amusing,1
analogy,1
analyses,1
anchor,1
ancient,1
anderson,1
andre,1
andrew,1
andrews,1
ands,1
anecdotally,1
angels,1
animal,1
anime,1
announce,1
announced,1
announcer,1
announcers,1
annoy,1
annoyed,1
annoys,1
annual,1
anomalies,1
anonymous,1
anounceranalyst,1
answering,1
answers,1
anterior,1
anticipation,1
antiintellectualism,1
antikarl,1
antiscience,1
antivaccine,1
antivaxers,1
antonio,1
aoc,1
apeshit,1
apologists,1
appearance,1
appeared,1
appease,1
applauded,1
appointments,1
appreciated,1
approach,1
approved,1
april,1
aqib,1
aquinas,1
ar,1
arbitrary,1
archives,1
arctic,1
arenasjamisonbutler,1
ariza,1
arm,1
army,1
arrive,1
arrives,1
arrogance,1
arrogant,1
artest,1
arthroscopic,1
articles,1
artifical,1
artilleries,1
arts,1
ashamed,1
ashes,1
asian,1
asians,1
asimov,1
asinine,1
aspiring,1
assemble,1
assert,1
assessment,1
asshats,1
assignments,1
assist,1
assistant,1
association,1
assumes,1
asteroids,1
asymptomatic,1
ate,1
atheist,1
athletesformer,1
athleticism,1
athletics,1
attaching,1
attacked,1
attempts,1
attend,1
attending,1
attitudes,1
attract,1
attracted,1
attribute,1
attributes,1
audio,1
audit,1
august,1
austin,1
authoritarianism,1
autism,1
autographs,1
autonomy,1
availability,1
averaging,1
avoiding,1
award,1
awarded,1
awkwardly,1
az,1
ba,1
backcourt,1
backinmyday,1
backup,1
bagley,1
bags,1
bail,1
baker,1
bale,1
balled,1
ballhandling,1
balmer,1
balto,1
bananas,1
bandwagons,1
bang,1
banger,1
banking,1
banned,1
banter,1
baptist,1
bar,1
barack,1
barbershop,1
barkeley,1
barren,1
barvclays,1
baseline,1
bash,1
basket,1
basketballs,1
batteries,1
battle,1
bazemore,1
bbiq,1
bbref,1
bbut,1
beaming,1
bean,1
bear,1
beasleyjaden,1
beastly,1
beaten,1
beater,1
beaumont,1
bed,1
begging,1
beginning,1
begins,1
behalf,1
behindthescenes,1
belichick,1
bell,1
belong,1
belongs,1
belt,1
bend,1
benefits,1
benghazi,1
bent,1
berlin,1
berth,1
beto,1
betting,1
bev,1
bff,1
bffs,1
biased,1
bibles,1
bigs,1
biking,1
bil,1
billions,1
billups,1
bird,1
birdshttpsyoutubesigfwivl7a,1
birthday,1
bitch,1
bitching,1
biting,1
bkn,1
blacks,1
blackwater,1
blackwateracademizi,1
blake,1
blamed,1
blames,1
bland,1
blank,1
blast,1
bledsoe,1
bleed,1
blessed,1
blind,1
blinks,1
blitzes,1
blitzing,1
blocker,1
blog,1
bloodbath,1
blowing,1
blowup,1
bmi,1
boards,1
boats,1
bob,1
boban,1
bodners,1
boggling,1
bogit,1
boldly,1
bombarding,1
bonafide,1
bonaparte,1
boner,1
bonk,1
book,1
boosted,1
booted,1
booths,1
booty,1
booze,1
border,1
boring,1
borough,1
bos,1
bot,1
bottle,1
bottomfeeders,1
boul,1
bounced,1
bowels,1
boycott,1
bozo,1
bp,1
brace,1
brainwashed,1
brainwaves,1
brake,1
braking,1
branded,1
bravado,1
brave,1
brawls,1
breakfast,1
breakthrough,1
breath,1
breed,1
brett,1
brewers,1
bridge,1
brightest,1
brittle,1
broadcasting,1
brodgon,1
brogdoncjsexton,1
brogdonlevert,1
brogdons,1
broncos,1
brooks,1
brookyln,1
bros,1
brotherhood,1
bruce,1
brutally,1
buck,1
buckets,1
buckle,1
buckssuns,1
bud,1
buddies,1
budinger,1
buffalo,1
buffer,1
buildings,1
buisiness,1
buisnesses,1
bullet,1
bullets,1
buried,1
burke,1
burn,1
burnes,1
bury,1
bush,1
businessgiven,1
buts,1
buyers,1
buying,1
buzzer,1
buzzword,1
bye,1
byhttpswwwtheguardiancombusiness2020oct07covid19crisisbooststhefortunesofworldsbillionaires,1
cacophony,1
cake,1
cal,1
calibre,1
callous,1
calm,1
calvary,1
cameo,1
cancel,1
cancels,1
candies,1
canon,1
capabilities,1
capacity,1
capital,1
capping,1
caps,1
cared,1
carl,1
carriers,1
carries,1
carrousel,1
cars,1
carterminnesota,1
caruso,1
casually,1
catch22,1
catcher,1
catching,1
caters,1
catholic,1
catholics,1
catman,1
causing,1
caution,1
cave,1
caves,1
cb,1
celebrities,1
cell,1
celts,1
cement,1
censored,1
centered,1
centre,1
cesspool,1
chad,1
chains,1
chairs,1
chalkboard,1
challenge,1
challenges,1
challenging,1
championshop,1
changer,1
channel,1
channing,1
chaos,1
characters,1
charge,1
charges,1
charm,1
chasers,1
checking,1
checkmark,1
cheeks,1
cheering,1
cheesy,1
chef,1
cherokee,1
chick,1
chickens,1
chiefs,1
childhood,1
childs,1
chillin,1
chilling,1
chills,1
chips,1
choke,1
chooses,1
chose,1
christened,1
christmas,1
christopher,1
chronic,1
chucking,1
chunk,1
churn,1
churns,1
cigars,1
circular,1
circumference,1
circumstances,1
circus,1
cite,1
civics,1
civil,1
cjroco,1
clamp,1
classaction,1
classical,1
classifications,1
classify,1
clausewitz,1
clean,1
clearcut,1
cleared,1
clearer,1
clergy,1
clevelands,1
clever,1
client,1
clifton,1
cling,1
clinging,1
clip,1
clipper,1
clips,1
closes,1
clownery,1
clues,1
clutch,1
clyde,1
cmon,1
coast,1
coat,1
coax,1
cocky,1
coddled,1
coherent,1
collapses,1
collateral,1
collection,1
collins,1
colorado,1
columbus,1
comas,1
combine,1
combined,1
comedic,1
cometh,1
commentate,1
commercial,1
commercials,1
commercialstoppage,1
committed,1
commonplace,1
communicable,1
communicate,1
communicated,1
communicating,1
communication,1
compatriots,1
compelling,1
compensation,1
competent,1
competetive,1
complaints,1
completed,1
complexities,1
complexity,1
compliance,1
compliant,1
complicate,1
complicates,1
compliment,1
composition,1
comprehend,1
compromisses,1
computers,1
conceit,1
concern,1
concerns,1
condition,1
condolences,1
conducting,1
confetti,1
confirm,1
confirming,1
confirms,1
conflicted,1
confrontational,1
confused,1
congress,1
connection,1
conscience,1
conservatism,1
considerably,1
consolidate,1
conspiracyseems,1
conspiring,1
constitute,1
consuming,1
contend,1
contention,1
contentious,1
contest,1
contexts,1
contingent,1
contractshell,1
contributed,1
contributes,1
contribution,1
controlled,1
controversy,1
convention,1
conversations,1
conversions,1
convert,1
convictions,1
cooked,1
coolest,1
coopting,1
coordinated,1
coordination,1
copium,1
copyrighting,1
corethe,1
cornerstones,1
corona,1
corporations,1
corrupt,1
costing,1
coterie,1
couldthe,1
countering,1
counterpoint,1
countless,1
coupe,1
courtesy,1
courtney,1
cousin,1
coverageetc,1
covers,1
covid18,1
covington,1
coward,1
cowardice,1
cowherdskip,1
crack,1
crackpot,1
cracks,1
crash,1
crater,1
crazed,1
craziness,1
creates,1
creation,1
creative,1
creatures,1
credentials,1
creep,1
criminal,1
criminally,1
cringier,1
crisisglobal,1
criteria,1
critically,1
criticisms,1
criticized,1
crop,1
crosses,1
crossing,1
crow,1
crowdin,1
crt,1
crucial,1
cruciate,1
crucify,1
crusade,1
crushes,1
cruz,1
crying,1
cuestionable,1
cuff,1
cultivated,1
cultural,1
cure,1
cured,1
curiosity,1
curls,1
currydurantklaydraymond,1
cutting,1
cutups,1
cyberpunk,1
daj,1
damecj,1
damien,1
dampier,1
dang,1
danger,1
dario,1
darker,1
darks,1
dat,1
databases,1
date,1
dates,1
daughterinlaw,1
davis,1
dawg,1
dayshell,1
dbpm,1
dc,1
deadlygruesome,1
debates,1
debating,1
deciding,1
decipher,1
decisi,1
declares,1
declaring,1
decline,1
decrease,1
dedicate,1
dedicated,1
deeds,1
deem,1
deemed,1
deeply,1
default,1
defensiverebounding,1
deffo,1
deficit,1
define,1
defining,1
definite,1
degeneres,1
degradation,1
deion,1
delay,1
delete,1
deliver,1
deluded,1
demanding,1
demands,1
demarco,1
demeanor,1
democracy,1
demolished,1
demon,1
demonstrated,1
deng,1
denver,1
dependant,1
depleted,1
depreciate,1
depreciating,1
depressingly,1
depthanalysis,1
deranged,1
derozans,1
derrick,1
describing,1
desean,1
desert,1
deserved,1
design,1
designated,1
designing,1
desire,1
desires,1
desperately,1
destined,1
detected,1
determined,1
determining,1
detrimental,1
devotion,1
devout,1
dewormer,1
dez,1
dialogue,1
dialysis,1
dicked,1
dicks,1
dictionary,1
dies,1
diet,1
differences,1
differentiator,1
difficulties,1
digging,1
diligence,1
dine,1
dipshit,1
direct,1
dirkthe,1
dirt,1
disadvantage,1
disagreed,1
disagreeing,1
disagreements,1
disappeared,1
disaster,1
disbelief,1
disbelieving,1
disciple,1
disconnect,1
discount,1
discounted,1
discourages,1
discovery,1
discredit,1
discrimination,1
discusses,1
discussing,1
disheartening,1
disinformation,1
disingenuousness,1
disjoint,1
disliking,1
dismissing,1
displeasure,1
disposable,1
disregard,1
disrespected,1
disrupt,1
dissimilar,1
dissin,1
distancing,1
distinction,1
distracted,1
distressed,1
distributed,1
distributor,1
distrusting,1
diversity,1
djokovic,1
dna,1
dnp,1
doa,1
documentaries,1
documented,1
dogs,1
dogshit,1
dollar,1
dollars,1
dominance,1
dominate,1
dominates,1
dominating,1
dominions,1
donathan,1
donation,1
donations,1
donationsincome,1
donjoy,1
donkey,1
donovan,1
donuts,1
dope,1
doris,1
dose,1
doses,1
dot,1
doubled,1
doubting,1
doubts,1
doug,1
doughnut,1
downgrading,1
downtime,1
downtown,1
dozen,1
dozenplus,1
dozens,1
drags,1
draining,1
drastic,1
draw,1
drawn,1
dribble,1
drill,1
drills,1
drip,1
driving,1
dropping,1
drowned,1
drummond,1
dubs,1
duds,1
dui,1
dumbassery,1
dumbeddown,1
dump,1
dumped,1
dumpster,1
dumpy,1
dunce,1
dunningkruger,1
duos,1
durable,1
duringafter,1
dw,1
dwarfs,1
dwight,1
dwindling,1
dynamic,1
dynasties,1
dyspeptic,1
eager,1
eagle,1
ear,1
earned,1
earnings,1
ears,1
ecf,1
echoing,1
economy,1
edited,1
educating,1
educational,1
educationknowledge,1
efficiency,1
efficient,1
efforts,1
egg,1
egotistical,1
eichel,1
einsteins,1
elaborate,1
elbow,1
elc,1
elder,1
eldritch,1
elections,1
element,1
elements,1
elevates,1
elevation,1
elfkaminsky,1
elfrid,1
elgin,1
eliminate,1
elimination,1
elitists,1
elizabeth,1
elses,1
elway,1
em,1
embarassed,1
embarrassment,1
embid,1
embrace,1
emded,1
emerged,1
emerges,1
emerging,1
eminem,1
emmanuel,1
employ,1
employed,1
employment,1
employs,1
empowerment,1
empowers,1
emulate,1
encompass,1
encouraging,1
encouranges,1
endanger,1
endangering,1
endangerment,1
endgame,1
endless,1
endorsement,1
enemies,1
enfant,1
enforce,1
enforcer,1
enforces,1
engaged,1
engagement,1
engagementmedia,1
engine,1
enhancer,1
enjoyable,1
enjoys,1
ensued,1
ensure,1
entertained,1
entertainer,1
enthusiastic,1
entities,1
entitled,1
entourage,1
entry,1
epiphanies,1
episode,1
episodes,1
epitome,1
equally,1
equations,1
eradicate,1
eradicated,1
eradicating,1
eric,1
erick,1
erik,1
ernie,1
ernies,1
errant,1
errors,1
escape,1
espns,1
essential,1
established,1
establishment,1
ethnicities,1
euroleague,1
evaluate,1
evangelicals,1
everyday,1
everyon,1
everyonemost,1
evolve,1
exaggerated,1
exaggerating,1
excel,1
exceptionalism,1
exceptions,1
excited,1
exclaiming,1
exclude,1
exclusively,1
excuses,1
execute,1
exemption,1
exercising,1
existing,1
exists,1
exorcism,1
expand,1
expecting,1
expensive,1
experienced,1
experiments,1
expertise,1
explains,1
explanations,1
exploits,1
explore,1
explosiveness,1
exponentially,1
exposes,1
exposing,1
exposure,1
extend,1
extending,1
extras,1
extremes,1
fa,1
fabric,1
facade,1
facebookyoutube,1
faceless,1
facet,1
facetious,1
facilitate,1
facilitator,1
facilities,1
factually,1
faded,1
fading,1
failure,1
fallen,1
falling,1
falls,1
false,1
falsehoods,1
falsities,1
fame,1
famer,1
fanatics,1
fanboying,1
fancy,1
fangraphs,1
fantasy,1
fapped,1
fared,1
fargo,1
farhttpswwwnaoorgukcovid19costtracker,1
farm,1
farrakhan,1
farted,1
farting,1
fascinate,1
fascinated,1
fascism,1
fascist,1
fascists,1
fashion,1
fasted,1
fatty,1
faux,1
favorable,1
favored,1
favre,1
fbi,1
fda,1
feature,1
features,1
fed,1
feeds,1
feeling,1
female,1
females,1
fence,1
fest,1
feudalism,1
fewer,1
ffs,1
fictional,1
fictitious,1
fielded,1
fifty,1
fig,1
fighter,1
figuratively,1
fill,1
filling,1
filmwhich,1
finances,1
finesse,1
fingers,1
finish,1
finishing,1
firstsinteresting,1
fish,1
fishing,1
fixing,1
fkn,1
fl,1
flak,1
flashes,1
fleeced,1
flesh,1
flew,1
flexing,1
flip,1
flirted,1
floated,1
flock,1
floods,1
flop,1
flowers,1
flowing,1
flu,1
flustered,1
flying,1
fm,1
focuses,1
fodder,1
foil,1
fold,1
fool,1
footage,1
footballbaseball,1
footnote,1
forceful,1
forces,1
forego,1
foresee,1
foreseeable,1
forfeit,1
forgetting,1
fork,1
formal,1
formationsschemes,1
formidable,1
forms,1
formulated,1
fosters,1
fought,1
fouls,1
founded,1
founder,1
fourth,1
fr,1
fragile,1
framework,1
franchises,1
franciscooakland,1
frank,1
fraudulent,1
fred,1
freeduhms,1
freestyle,1
frenetic,1
frequencies,1
frequent,1
frequenter,1
fresh,1
friday,1
friendscollege,1
friendships,1
frightening,1
frp,1
frps,1
frustration,1
fry,1
fsu,1
fts,1
fu,1
fucker,1
fucks,1
fud,1
fulfills,1
fulltime,1
functioned,1
fundamental,1
furious,1
fwiw,1
fyi,1
g14,1
gained,1
galaxy,1
gallstones,1
gambit,1
gangsta,1
gareth,1
garlandgtja,1
garnettsit,1
garrett,1
gary,1
gasp,1
gauntlet,1
geek,1
gems,1
generations,1
generous,1
genes,1
genitalia,1
geography,1
german,1
getaway,1
ghosts,1
giannisjruemiddleton,1
giannisthese,1
giddy,1
giggling,1
gils,1
ginger,1
girl,1
girlfriends,1
girth,1
giveaways,1
giza,1
gladly,1
glenn,1
globally,1
globe,1
globetrotters,1
goatnowitzki,1
gobbling,1
goddamned,1
goddamnit,1
goign,1
goin,1
goodand,1
goodgreat,1
goodvaluable,1
goodvince,1
goof,1
goofs,1
gorcery,1
gosh,1
governor,1
govt,1
grabs,1
grading,1
gradually,1
graduated,1
graduating,1
grandfathered,1
grandpa,1
granted,1
grapple,1
grappling,1
grasp,1
grateful,1
grating,1
gravely,1
greatly,1
greek,1
greeks,1
grievances,1
grinding,1
grinds,1
grit,1
grizzlies,1
grocery,1
gross,1
ground,1
grounds,1
grows,1
growth,1
gruel,1
gs,1
gtafter,1
gtas,1
gtbeal,1
gtbeasley,1
gtdudes,1
gtenes,1
gteven,1
gtgtgtgtgtgtgt,1
gtgttrue,1
gthis,1
gti,1
gtif,1
gtim,1
gtisaac,1
gtjesus,1
gtjonathan,1
gtkanter,1
gtlowry,1
gtmalik,1
gtnba,1
gtnflplayerturnedanalyst,1
gtno,1
gtoffseason,1
gtpaul,1
gtsome,1
gtteams,1
gtthey,1
gttobias,1
gtwell,1
gtwhen,1
gtyou,1
guarantee,1
guardhas,1
guce,1
guesses,1
guide,1
gullible,1
gun,1
gus,1
gutierrez,1
gutted,1
gym,1
hack,1
hackers,1
hadden,1
hadn,1
hadnt,1
hahaha,1
hahahaaaaaaa,1
hahahahaha,1
hahahahahaha,1
hair,1
halfalien,1
halfhuman,1
halloffamers,1
halt,1
hamburgers,1
hammering,1
hamming,1
handchecking,1
handed,1
handful,1
handled,1
handpainted,1
hangerons,1
happiness,1
happu,1
haram,1
hardass,1
hardcore,1
hardenkyrie,1
hardenstephdame,1
hardenwb,1
hardhitting,1
harlan,1
harmful,1
harper,1
harry,1
hateful,1
hates,1
hats,1
hawks,1
hayes,1
hazard,1
hazing,1
hc,1
headlines,1
healthier,1
hearn,1
hears,1
heartbreaking,1
hearts,1
heatbucksnetshawks,1
heath,1
heatles,1
heights,1
heightweight,1
held,1
helium,1
helpfulsomething,1
helping,1
herd,1
hermaincainaward,1
hermancainaward,1
heroes,1
heroic,1
herro,1
herschel,1
hidden,1
hides,1
hield,1
highlightdunk,1
highlights,1
highupvoted,1
hilariously,1
hilarity,1
hillcollison,1
hilldarren,1
hindsight,1
hinkie,1
hinting,1
hipaa,1
hire,1
hires,1
hirethe,1
hiring,1
hmm,1
hoflevel,1
holdouts,1
homer,1
homerun,1
homes,1
homework,1
honorary,1
hooked,1
hoopers,1
hopes,1
hosts,1
hotep,1
hotspots,1
hounding,1
housed,1
httpsenmwikipediaorgwiki76erse28093celticsrivalry,1
httpsenmwikipediaorgwikibluelaw,1
httpsenwikipediaorgwikimanutebolhttpsenwikipediaorgwikimanutebol,1
httpsespnpressroomcomusbioskendrickperkins,1
httpsfivethirtyeightcomfeaturescannflcoachesoveruseplayactiontheyhaventyetamp,1
httpsfivethirtyeightcomfeatureswhydidnflteamsscoresomuchthisseasonamp,1
httpsimgflipcomi5oao6p,1
httpsimgurcomabee1xx56zi1j,1
httpsmlasvegassuncomblogstalkingpoints2012jun14nbafinalsvegasoddsmakersnowgivethundermore,1
httpsmyoutubecomwatchvnpbnzowqt6a,1
httpsnpredditcomrconservativecommentsi33ywdjonathanisaacsorlandomagicjerseysalesutmsourceshareamputmmediumiosappamputmnameiossmf,1
httpssyndicationbleacherreportcomamp1217803nbafinals2012oddswhyoklahomacitythunderareclearcutfavoritesamphtml,1
httpssyndicationbleacherreportcomamp2084873nbafinals2014updatedpredictionsbasedonvegasoddsforheatvsspursamphtml,1
httpstheathleticcom274531820210802anonymousnbacoachespoll202021bestdefenders,1
httpstwittercombillyreinhardtstatus1441947127513432071s20,1
httpswwwinstagramcompct7yvdnf1sutmmediumcopylink,1
httpswwwinstagramcompctuj1pfhaeutmmediumcopylink,1
httpswwwlandofbasketballcomgamesbetweengilbertarenasvskevingarnetthtm,1
httpswwwsicomnba20210901unvaccinatednbaplayersseveralmarketsnotallowedteamactivities,1
httpswwwtheringercomplatformampnfl20192118206319ramsseanmcvayplayactionhistorybillwalshmikeshanahan,1
httpswwwyoutubecomwatchvg1eswgrkmu8,1
httpswwwyoutubecomwatchvi8zspmh90dyampt1,1
httpswwwyoutubecomwatchvkgljg56bxxg,1
httpsyoutubeeotz7exwt7o,1
httpsyoutubeqfbwnqskvty,1
httpsyoutubeziwh0njinpk,1
hudson,1
humanitys,1
humanoids,1
humour,1
hundredsthousands,1
hungover,1
hungry,1
hunting,1
hurd,1
hybrid,1
hyped,1
hypocrites,1
hypothetically,1
ian,1
ice,1
iconic,1
icu,1
ideally,1
identified,1
ideologies,1
idiotbad,1
idont,1
ifs,1
ig,1
ignorantly,1
iguodala,1
ihop,1
ii,1
ik,1
image,1
imaginable,1
imaginary,1
imagining,1
imbecile,1
img,1
immaturity,1
immense,1
immersed,1
immoral,1
immunization,1
immunology,1
impactful,1
impermissible,1
implanted,1
implement,1
implementing,1
implies,1
implore,1
implying,1
importantly,1
imposed,1
imposing,1
impression,1
impressive,1
improving,1
improvisation,1
inaccurate,1
inadvertent,1
inbox,1
incentive,1
incessant,1
incident,1
incidents,1
incinerate,1
inclined,1
inclusion,1
incoherent,1
incoming,1
incompetent,1
incomplete,1
incomprehensible,1
inconsistencies,1
inconvenient,1
incorporate,1
incorrect,1
increases,1
increasing,1
independent,1
index,1
indian,1
indicator,1
indigenous,1
individualistic,1
industry,1
inevitably,1
infantry,1
infected,1
infinities,1
inflammation,1
influences,1
info,1
inform,1
informed,1
infront,1
ingame,1
ingram,1
inherently,1
initial,1
initiated,1
injected,1
injuryhealing,1
insect,1
inserted,1
insinuating,1
inspire,1
insta,1
instinct,1
instinctively,1
institution,1
insufferable,1
insulated,1
intake,1
intel,1
intellect,1
intense,1
intensifier,1
intensifiers,1
intention,1
interactive,1
interjects,1
internships,1
interpret,1
interviewed,1
intricacies,1
intricate,1
introduce,1
intuitive,1
inverse,1
invitational,1
invoking,1
ipad,1
ipads,1
iran,1
irishman,1
irksome,1
irregardless,1
isacc,1
isaiah,1
ish,1
islamic,1
iso,1
isolation,1
isos,1
issuing,1
italy,1
itch,1
itll,1
itnba,1
itt,1
iv,1
jack,1
jackass,1
jailed,1
jake,1
jam,1
janitorial,1
january,1
jay,1
jays,1
jb,1
jealous,1
jeopardize,1
jeopardy,1
jeremy,1
jerk,1
jester,1
jevale,1
jimmys,1
jkidd,1
jobsopportunities,1
joel,1
jog,1
johnnie,1
johnsons,1
joins,1
jointly,1
jokicmurray,1
jon,1
jorfraud,1
journalist,1
jt,1
judgement,1
july,1
jumbled,1
jumpers,1
jumping,1
jumpshot,1
junk,1
junpshooting,1
j,1
justifiable,1
justifiably,1
justification,1
justonly,1
jvgs,1
jw,1
k9,1
kaj,1
kamala,1
kamara,1
kanye,1
kareems,1
karlanthony,1
karma,1
kats,1
kawhihttpspbstwimgcommediafak9mstvuamu9qzjpg,1
kcp,1
kdot,1
kds,1
keeper,1
kennards,1
kent,1
kerrs,1
keys,1
kia,1
kicked,1
kicks,1
kickstarted,1
kidding,1
killian,1
killings,1
kingswolves,1
kiss,1
kissed,1
kleber,1
klopp,1
klove,1
knock,1
knocks,1
knowledgeand,1
kobes,1
kohler,1
kolberthttpswwwyoutubecomwatchvgc65nc44dsk,1
kook,1
kps,1
kroger,1
kung,1
kuzmas,1
ky,1
kylie,1
kyrietraedame,1
laarp,1
label,1
lacking,1
ladder,1
lady,1
lakersclippers,1
lal,1
lamelo,1
langford,1
lanier,1
lanky,1
laptop,1
larry,1
lasted,1
lasting,1
lasts,1
laughable,1
laundry,1
lawn,1
lawsiouxt,1
layman,1
lays,1
laziness,1
leafs,1
leak,1
leaked,1
leaking,1
leaks,1
lean,1
leaping,1
leaugers,1
lebronto,1
lee,1
leeches,1
lefraud,1
legwork,1
lend,1
length,1
lengths,1
lesser,1
libel,1
licensed,1
licenses,1
lick,1
lied,1
lies,1
lifestyle,1
ligament,1
lighter,1
lightly,1
lightskin,1
likehttpsencryptedtbn0gstaticcomimagesqtbnand9gctggrj6cboyd9u628grm1znwaxnhq2hngmamicionlheetcjrefwdyzklkmtdlhvm0ampusqpcau,1
likehttpswwwnydailynewscomresizerffaolom7kfbfqxrfy8kmoicbw800x655toparcanglerfisharc2prodtroncs3amazonawscompublic42jtknpeoj2cw3qvtlmuxxzovqjpg,1
likeliest,1
likewise,1
lil,1
limbs,1
limit,1
limitations,1
limits,1
linebackers,1
liner,1
lineups,1
lion,1
liquor,1
listened,1
listens,1
lit,1
liveball,1
livelihood,1
lmfaoo,1
lmfaooo,1
lmfaoooo,1
loathing,1
lobby,1
location,1
lolhttpswwwinstagramcompct0gpyxtya7utmmediumcopylink,1
lolll,1
lolol,1
lolololol,1
lookout,1
loool,1
loooot,1
loose,1
loser,1
losers,1
lou,1
loudly,1
loudmouthed,1
loving,1
lowered,1
lowincome,1
lowkey,1
lowrys,1
loyalty,1
luckier,1
luckily,1
lucrative,1
luke,1
lumped,1
lunacy,1
lung,1
luol,1
luster,1
ma,1
macfardland,1
macho,1
magics,1
magnitude,1
mahmoud,1
mainstreamyoung,1
maintain,1
maintaining,1
makeup,1
makingability,1
malcolm,1
malcontent,1
male,1
malevolent,1
malika,1
mama,1
managing,1
manboobs,1
manifest,1
manipulated,1
manoah,1
mans,1
mantra,1
manutes,1
marc,1
marcellus,1
marine,1
marketing,1
marks,1
marlboro,1
married,1
maryland,1
masculinity,1
mashing,1
masking,1
maskless,1
masses,1
masturbating,1
matchbox,1
matched,1
math,1
matt,1
mattered,1
matthews,1
mature,1
mauled,1
maxi,1
maximize,1
mayfield,1
mayor,1
mcconnel,1
mcconnel76ers,1
mcdonald,1
mcfarland,1
mcgee,1
mchale,1
mcilroy,1
meal,1
meals,1
meanslol,1
meanthey,1
measures,1
mechanical,1
mechanisms,1
meddling,1
medication,1
medications,1
mediumlong,1
meds,1
meeting,1
meets,1
meh,1
meme,1
memed,1
memory,1
memphis,1
ment,1
mentally,1
mentions,1
mentor,1
menu,1
mercenaries,1
mess,1
messed,1
messenger,1
metaphorically,1
meticulously,1
metric,1
mexican,1
mexicans,1
meyers,1
mf,1
mfer,1
mfers,1
mi,1
mia,1
michaelscollinsworth,1
mickey,1
mickeyvax,1
microscope,1
microwave,1
middleton,1
miiiight,1
mikes,1
mile,1
mill,1
millennia,1
millenniums,1
millienials,1
millionaires,1
milton,1
milyr,1
min,1
mindblowing,1
mindcontrol,1
minded,1
mindfucking,1
minimize,1
minneapolis,1
minor,1
minorities,1
minus,1
miracle,1
miraculous,1
misconception,1
misdirection,1
misguided,1
misinformed,1
mismatches,1
mismatching,1
misoverused,1
misreported,1
misrepresent,1
misrepresents,1
misses,1
missionaries,1
misstep,1
mistake,1
mistaken,1
mistreated,1
mistress,1
mistrust,1
misused,1
misusing,1
mitchell,1
mix,1
mixed,1
mixing,1
mlk,1
mlm,1
mmr,1
mob,1
moderating,1
moderna,1
mods,1
mold,1
mom,1
momentum,1
moms,1
mongo,1
monologue,1
monotonous,1
monstrous,1
montage,1
mooch,1
moody,1
moot,1
moralbased,1
morale,1
morality,1
mormon,1
moss,1
mother,1
motivate,1
motive,1
motor,1
motorcycles,1
mountainous,1
mounting,1
mouse,1
mouthbreathing,1
movable,1
moval,1
movies,1
muhammed,1
mulder,1
mulligan,1
mullins,1
multifaceted,1
multiteam,1
mum,1
mumble,1
murder,1
murdering,1
murdock,1
murray,1
muscle,1
musings,1
mustbuy,1
mvps,1
myers,1
mysterious,1
mystery,1
nahhh,1
nails,1
namath,1
named,1
nantzromo,1
napoleon,1
napoleonic,1
napping,1
narcissist,1
narcissistic,1
narratives,1
nasa,1
navajo,1
naw,1
nbaespntnt,1
nbaintellect,1
nbapa,1
nbas,1
nbateams,1
nbatv,1
nbcgolf,1
nc,1
ncaa,1
necessitate,1
needles,1
needless,1
negated,1
negligence,1
negotiate,1
negotiation,1
negotiations,1
neighbor,1
neighborhoods,1
neighbors,1
neighbourhood,1
neighbourhoods,1
nephews,1
nervous,1
netslakers,1
neutral,1
nevermind,1
newbies,1
newborn,1
newsmedia,1
nfc,1
nhl,1
nicely,1
nick,1
nicknames,1
niece,1
nightday,1
nights,1
nike,1
nikes,1
nipped,1
nitty,1
nixons,1
nj,1
nk,1
nobodys,1
nod,1
noise,1
noises,1
nola,1
nonetheless,1
nonexistent,1
nonglamour,1
nonmagic,1
nonnonsensicle,1
nonpg,1
nonsensical,1
nonstar,1
nonstop,1
noon,1
nos,1
notadoctor,1
notion,1
novax,1
novelty,1
november,1
nrg,1
nuance,1
nuclear,1
nuke,1
nurtured,1
nutjob,1
nutjobs,1
nutritional,1
obesehttpskidshealthorgenparentsoverweightobesityhtml,1
obeying,1
object,1
objectives,1
objectivity,1
obligations,1
obligatory,1
obliterated,1
oblivion,1
obpm,1
obscene,1
obsession,1
occasional,1
occurrence,1
ocean,1
october,1
oddly,1
ofcourse,1
offbrand,1
offchance,1
offended,1
offensedefense,1
offenses,1
offering,1
officially,1
offloaded,1
offset,1
offsides,1
ogs,1
oils,1
oklahoma,1
ol,1
oligarchs,1
oline,1
olive,1
oliver,1
olympics,1
omnipotent,1
onair,1
oncewho,1
oncourse,1
oneliner,1
oneonone,1
ongoing,1
oos,1
opera,1
opinionsbeliefs,1
opposition,1
oppressed,1
oppressing,1
optima,1
opting,1
options,1
oracle,1
orange,1
orchestra,1
orchestrates,1
ordeals,1
organically,1
organizations,1
organized,1
organizer,1
orifices,1
oriole,1
otc,1
otherworldly,1
otto,1
ottoman,1
oughta,1
ounce,1
outcomes,1
outdated,1
outlawed,1
outlet,1
outlets,1
outrage,1
outreach,1
outright,1
outsiders,1
outsized,1
outusually,1
overated,1
overblown,1
overcrowding,1
overestimating,1
overhauled,1
overnight,1
overperformed,1
overreation,1
overrun,1
oversaturate,1
overshadowed,1
overstated,1
overunder,1
overuse,1
overvalue,1
owes,1
oxygen,1
oyl,1
pac12,1
pack,1
packaging,1
pages,1
pamphlet,1
pan,1
pancakes,1
pander,1
pandering,1
panelist,1
pansies,1
panthers,1
pantonhead,1
pants,1
parachute,1
paradox,1
paragraph,1
parents,1
parish,1
parroting,1
partially,1
participate,1
participated,1
partisan,1
partly,1
partner,1
partnered,1
pascal,1
passerplaymaker,1
passers,1
passersplaymakers,1
passing,1
passionate,1
pasta,1
pastas,1
pat,1
paternity,1
patience,1
patriotsjets,1
pause,1
pawns,1
paycheck,1
payton,1
peanuts,1
pecking,1
pedal,1
pedophile,1
peds,1
peer,1
peering,1
peers,1
pelosi,1
pence,1
peoplememe,1
perceive,1
perception,1
perennial,1
perez,1
perfection,1
performative,1
performed,1
perimeter,1
perkinswill,1
perpetrated,1
perpetual,1
persecution,1
personalities,1
personnally,1
persons,1
petersonjre,1
petitioning,1
petulance,1
petulant,1
pgsg,1
pharma,1
phenomenon,1
phew,1
philanthropic,1
philippians,1
philosophies,1
philospher,1
phoenix,1
photos,1
phrase,1
physically,1
physicians,1
physicists,1
pickup,1
pics,1
pictures,1
picturing,1
pieces,1
pill,1
pin,1
pissed,1
pitch,1
pitcher,1
pizza,1
pj,1
placebo,1
plague,1
plain,1
plans,1
plant,1
plateaued,1
platforms,1
playbook,1
playbyplay,1
playedwon,1
playeranalysts,1
playerspicks,1
playmakersgood,1
playthings,1
pleading,1
plugged,1
plummets,1
pocketed,1
pod,1
pods,1
pointers,1
pointless,1
points2ptsfree,1
poke,1
pokemon,1
pok,1
poking,1
polar,1
police,1
polite,1
politicized,1
politics,1
poly,1
poop,1
poorly,1
poppa,1
pops,1
populace,1
popular,1
popularity,1
populated,1
populations,1
porsche,1
porter,1
portion,1
positioncentric,1
positionless,1
possessed,1
possibility,1
possibly,1
poster,1
posterizes,1
postseason,1
posturing,1
potter,1
pour,1
poutyspoiled,1
poverty,1
powerhouse,1
pox,1
practical,1
praised,1
prayer,1
preaching,1
precedence,1
preconceptions,1
predecision,1
predetermined,1
predetetmined,1
predict,1
predicted,1
prediction,1
pregame,1
pregnant,1
prepare,1
prepared,1
prepostgame,1
prerecorded,1
prescient,1
presence,1
preserve,1
presses,1
pressing,1
pretended,1
prevalence,1
prevented,1
prevention,1
pricing,1
primes,1
primestop,1
primetime,1
priming,1
principled,1
print,1
prior,1
prioritize,1
prioritized,1
prioritizing,1
prisons,1
pritchard,1
privatecompanymandated,1
privileges,1
proathlete,1
prob,1
probability,1
problemits,1
probowlers,1
procedures,1
proceed,1
prochoice,1
produce,1
producer,1
produces,1
producing,1
production,1
professionals,1
program,1
progress,1
progressed,1
progresses,1
progressive,1
progressives,1
projected,1
projection,1
promised,1
promising,1
prompted,1
propaganda,1
proper,1
properly,1
proposals,1
proposed,1
props,1
protection,1
protections,1
protesting,1
protests,1
protocol,1
proved,1
proves,1
providing,1
provocation,1
proxy,1
psahttpsmfacebookcomkrogerhealthvideostraeyoungpsa1148892918871619,1
psychedelics,1
psychopathic,1
pts,1
publically,1
puff,1
pulp,1
pumping,1
pundit,1
pundits,1
puny,1
pursue,1
pushed,1
pushes,1
pyramid,1
qualified,1
qualms,1
quantity,1
quantum,1
quarantine,1
quarter,1
quarters,1
questioned,1
questioning,1
quicker,1
quickest,1
quickness,1
quietly,1
quietstoic,1
quintet,1
quits,1
quoted,1
racial,1
racists,1
radar,1
radicalizes,1
radioactive,1
radiotvsatellite,1
rafters,1
raided,1
railed,1
rails,1
rake,1
rally,1
rambling,1
randolph,1
ranting,1
rap,1
rapids,1
rates,1
rating,1
rational,1
rationale,1
raved,1
reaches,1
reaching,1
reacted,1
reacting,1
reaction,1
reacts,1
realise,1
realist,1
realizing,1
rebounder,1
rebounding,1
rebounds,1
rebranded,1
rebroadcast,1
rebuilding,1
receipt,1
receipts,1
reckless,1
reckoning,1
reclamation,1
recognition,1
recommending,1
reconstruct,1
recorded,1
recover,1
recovering,1
recovery,1
recreation,1
recreational,1
recruit,1
reddick,1
redeemed,1
redeeming,1
redheads,1
reduced,1
reducing,1
reduction,1
referee,1
reference,1
referenced,1
reflected,1
reflects,1
reform,1
refute,1
regain,1
regard,1
register,1
regret,1
regrets,1
regularly,1
regulars,1
regurgitate,1
rehab,1
rehabbing,1
rehashed,1
reinforce,1
rejecting,1
relational,1
relatives,1
relativity,1
relegated,1
relevance,1
relevancy,1
religiosity,1
religiousbased,1
religiously,1
relocated,1
remaining,1
remind,1
remix,1
remotely,1
remove,1
removing,1
rename,1
renowned,1
rep,1
repairing,1
repeatedly,1
repeating,1
repeats,1
repertoire,1
repetitive,1
rephrase,1
replace,1
replaced,1
replacement,1
replacements,1
replaces,1
replaying,1
reply,1
represented,1
representing,1
represents,1
reproductive,1
reputation,1
requiring,1
requisite,1
reread,1
rerouted,1
reservations,1
residents,1
resign,1
resilience,1
resistant,1
resolved,1
resort,1
respectful,1
respectfully,1
respects,1
responded,1
responding,1
response,1
restaurants,1
restrict,1
restricting,1
resultant,1
resume,1
resumed,1
retiregive,1
retiring,1
returns,1
reupped,1
reveals,1
revenge,1
reviewed,1
rewrite,1
rex,1
rgolf,1
richardson,1
rid,1
riddles,1
riding,1
rigged,1
rightfully,1
rightits,1
rightly,1
rightwing,1
rightwinger,1
riled,1
rinse,1
rip,1
ripe,1
ripped,1
rise,1
rises,1
risking,1
ritualists,1
rivers,1
rjthat,1
rns,1
roadtrippin,1
roast,1
robbie,1
robert,1
robin,1
robinson,1
robot,1
rocker,1
rocky,1
rodgers,1
rodman,1
roger,1
roided,1
rolls,1
roman,1
romona,1
romos,1
rooftop,1
rooted,1
rooting,1
roots,1
rory,1
rotmg,1
rounders,1
roundness,1
routine,1
routinely,1
row,1
rryanhollins,1
rtitlegore,1
rubble,1
rug,1
ruined,1
ruining,1
ruins,1
ruled,1
ruling,1
rumors,1
rush,1
rusher,1
sabres,1
sack,1
saddest,1
sadly,1
safely,1
sake,1
salty,1
salvation,1
sample,1
sampt,1
sanders,1
sapp,1
sarigusa,1
sarris,1
sas,1
sat,1
satanic,1
satans,1
saturday,1
sauce,1
saved,1
savings,1
scales,1
scals,1
scapegoated,1
scared,1
scares,1
scaring,1
scenarios,1
schauffele,1
scholar,1
scholars,1
schooldirty,1
schooling,1
schr,1
scientific,1
scientifically,1
scorers,1
scores,1
scotto,1
scouting,1
scratches,1
screaming,1
screw,1
screwed,1
scripting,1
scripts,1
scum,1
sea,1
seance,1
seasonal,1
seat,1
sec,1
security,1
seeding,1
seeds,1
segregated,1
select,1
selection,1
selfaware,1
selfishness,1
selfless,1
selflessly,1
selfrighteous,1
sellers,1
semester,1
semi,1
semien,1
semiplausible,1
sending,1
sends,1
senses,1
sensitive,1
separates,1
sequence,1
serb,1
sermons,1
server,1
services,1
serving,1
settled,1
setup,1
seventime,1
severe,1
severely,1
severity,1
sewage,1
sexual,1
sfpf,1
sfssgs,1
sgpoint,1
sgs,1
shackled,1
shadow,1
shady,1
shakes,1
shaking,1
shalt,1
shaman,1
shannon,1
shapiro,1
shaqerniekennychuck,1
shaqtin,1
shared,1
sharing,1
sharp,1
sharpe,1
shaw,1
sheboygan,1
shedding,1
sheeple,1
sheer,1
shelburne,1
shell,1
shield,1
shift,1
shitbag,1
shitforbrains,1
shithead,1
shitload,1
shitposting,1
shocking,1
shockshttpswwwunorgenchroniclearticlelosing25000hungereveryday,1
shoe,1
shook,1
shootin,1
shore,1
shouldve,1
shout,1
shouted,1
shoutey,1
shoutout,1
shrinking,1
shrivel,1
shrooder,1
shrugging,1
shtick,1
shunning,1
si,1
sic,1
sickest,1
sided,1
sideline,1
sight,1
sighted,1
sigma,1
sign,1
signs,1
silence,1
silent,1
simmonskatedwards,1
simplest,1
simplicity,1
simplifications,1
simpsons,1
simulation,1
simultaneously,1
singlehandedly,1
singles,1
sings,1
singularity,1
sinking,1
sins,1
sipping,1
sir,1
site,1
sixty,1
sizespeedathleticism,1
skeptical,1
skewed,1
skim,1
skips,1
skyrocket,1
slammed,1
sleepin,1
sleeping,1
slender,1
slice,1
sliding,1
slightest,1
slogan,1
slogans,1
slow,1
slowed,1
slowly,1
slows,1
smack,1
smacked,1
smacks,1
smal,1
smallpox,1
smarts,1
smear,1
smelt,1
smiled,1
smilin,1
smiting,1
smoke,1
smooth,1
smug,1
snake,1
snaps,1
snatch,1
sneakers,1
snf,1
sniffing,1
sniped,1
snooze,1
snub,1
soap,1
soar,1
sober,1
socalled,1
socialites,1
socialized,1
socially,1
sock,1
soil,1
sold,1
solidify,1
solidly,1
solution,1
solve,1
solving,1
soothing,1
sophisticated,1
sought,1
sourcehttpshoopshypecomlistsjamorantimatop5pointguard,1
sourcehttpswwwdailynewscom20210925clippersstaronhandfordedicationofkawhileonardbasketballcourt,1
sours,1
southern,1
sox,1
sp,1
spain,1
spanked,1
spark,1
speaks,1
spearheaded,1
specialist,1
specialists,1
specialities,1
specialized,1
speculate,1
speculation,1
speeding,1
spending,1
spends,1
spews,1
spin,1
spine,1
spit,1
splash,1
splinter,1
spoilers,1
spoke,1
spoken,1
spokesperson,1
spooked,1
spouts,1
spreads,1
spreadsheets,1
spursnets,1
sql,1
squeeze,1
squeezed,1
stability,1
stage,1
stages,1
stance,1
standards,1
standpoint,1
stanning,1
stans,1
starters,1
starve,1
stashed,1
statement,1
stating,1
station,1
statistically,1
statistics,1
statue,1
stayed,1
stem,1
stepbacks,1
stephan,1
stephs,1
steven,1
sticking,1
stil,1
stinking,1
stinks,1
stints,1
stock,1
stoking,1
stolen,1
stones,1
stopped,1
stops,1
stores,1
straightforward,1
straits,1
stranded,1
strangers,1
stratosphere,1
strawmen,1
stray,1
strays,1
streamed,1
streets,1
strength,1
strengthening,1
stretching,1
stricker,1
strictly,1
strikeouts,1
stroke,1
strongly,1
structure,1
struggle,1
struggled,1
stubbornly,1
studded,1
students,1
studies,1
stumble,1
stunk,1
stunts,1
styles,1
subject,1
subjectivity,1
subjects,1
submerged,1
submit,1
subs,1
substantial,1
subtle,1
suburb,1
succeeding,1
succinctly,1
sudden,1
suffer,1
suffered,1
suffering,1
sugar,1
suggestion,1
suggs,1
suggsfultzisaacbambawagner,1
sugma,1
suit,1
suitors,1
sundays,1
superiority,1
superposition,1
superteams,1
supplements,1
supporters,1
supports,1
suppose,1
supreme,1
surely,1
surer,1
surgeon,1
surpass,1
surpassed,1
surprise,1
surprises,1
surprisingly,1
surveyed,1
survive,1
survived,1
susceptible,1
suspecrible,1
suspend,1
suspended,1
suspicion,1
sustained,1
suzy,1
swapped,1
swaps,1
sweat,1
sweating,1
sweaty,1
sweetie,1
swerve,1
swing,1
switches,1
sympathizers,1
symphony,1
symptoms,1
symptons,1
syncing,1
syndrome,1
systemic,1
tackles,1
tacko,1
tag,1
tails,1
takeaway,1
talents,1
tame,1
tangent,1
tangential,1
tangible,1
target,1
taste,1
tatis,1
tax,1
taxes,1
taylor,1
tbf,1
teamany,1
teamwhen,1
tearing,1
tears,1
teasing,1
tech,1
teethhttpsmedia3giphycommediafa8rjdz7btaumeg9gugiphygifcid5e214886yzupfz1f60hhoqlajk6qc311vn8iukjrtepr2vs7ampridgiphygifampctg,1
telephone,1
telestrator,1
temporarily,1
tempted,1
ten,1
tenants,1
tensions,1
tentacles,1
tenth,1
terminology,1
terribly,1
terrific,1
testing,1
thanidk,1
thankfully,1
thankyou,1
thatbut,1
thatll,1
theme,1
therapists,1
thered,1
therell,1
thesis,1
thibs,1
thicc,1
thick,1
thirsty,1
thishttpstheathleticcom277365820210925zachharpers76ersoffseasonreportoverallgraderosterbreakdowngoalsfor202122amp,1
thishttpswwwmuscocomwpcontentuploads201903amway600x300jpg,1
thisthe,1
thj,1
thomas,1
threat,1
threes,1
threshold,1
thrives,1
throught,1
throughtout,1
throwback,1
throwssnowballsatsanta,1
thx,1
thybullemaxeyevery,1
tibia,1
ticket,1
tickets,1
tied,1
ties,1
tiger,1
timed,1
timehttpswwwnbacomstatseventscontextmeasurefgaampendperiod0ampendrange28800ampgameid0022001037ampplayerid1629029amprangetype0ampseason202021ampseasontyperegular20seasonampstartperiod0ampstartrange0ampteamid1610612742ampflag3ampsctplotampsectiongame,1
timeline,1
timelines,1
timelord,1
timing,1
tin,1
tinder,1
tiny,1
tips,1
tirco,1
tireless,1
titles,1
tj,1
tmc,1
tobi,1
toes,1
tolerable,1
tolerabledoable,1
tolerantprogressive,1
toll,1
tomorrow,1
tomorrows,1
toni,1
top10,1
top30,1
torch,1
tore,1
torontohttpswwwnewsweekcomunvaccinatedknicksnetswarriorsplayerswilldeniedentryhomegamespractices1625230,1
toss,1
totalitarian,1
totals,1
tougher,1
tournaments,1
toys,1
tradition,1
traesteph,1
tragic,1
tragically,1
trained,1
transcends,1
transfer,1
transforms,1
transitioned,1
translate,1
translated,1
translates,1
transmitter,1
transportation,1
trashing,1
trashy,1
traveled,1
travesty,1
travolta,1
treated,1
treaties,1
treatments,1
tremendously,1
trend,1
trevor,1
trial,1
tribalistic,1
tribes,1
trick,1
triggered,1
trio,1
trios,1
trip,1
trippinhttpsyoutubeux8u8ycytce,1
trolled,1
truely,1
trumps,1
tryna,1
tshirt,1
tshirts,1
tua,1
tuckers,1
turmoil,1
tutoring,1
tweethttpstwittercomjjudahisaacstatus1442108051721531396,1
tweethttpstwittercomkylekuzmastatus1442129757659877376,1
tweethttpstwittercomkyrieirvingstatus1366398104329674754langen,1
twinkie,1
twisting,1
twitch,1
twoway,1
tying,1
typed,1
tyreek,1
uae,1
uasstroknot,1
uber,1
ugh,1
uglier,1
ugly,1
uhhh,1
uhhhh,1
uhornyfurrydog,1
uhurtelknut,1
ujst,1
ukoberapedawomanincolorado,1
ultimate,1
umm,1
umyou,1
unapologetic,1
unavailable,1
unbearable,1
unbelievably,1
unbothered,1
unbreakable,1
uncertainty,1
uncoachable,1
uncommon,1
unconcerned,1
undernourishment,1
underperform,1
undertaking,1
underuse,1
undervaluing,1
underwear,1
underwent,1
uneducated,1
unexpected,1
unfold,1
unhealthy,1
unhinged,1
unicorn,1
unintelligent,1
unironically,1
united,1
university,1
unlikeable,1
unload,1
unplayable,1
unpopular,1
unprofessional,1
unprotected,1
unquestionably,1
unreal,1
unrelated,1
unshaven,1
unsuspecting,1
unveiling,1
unwanted,1
updated,1
upended,1
upgrade,1
upheld,1
uploader,1
upscale,1
upvote,1
urban,1
username,1
utestbug0,1
vaccinating,1
vacuum,1
vague,1
vaguely,1
vain,1
valid,1
validity,1
values,1
vanvleet,1
vast,1
vaxed,1
veer,1
vega,1
ventilation,1
verbally,1
verify,1
versatile,1
vertical,1
vets,1
viable,1
vial,1
vick,1
victim,1
victory,1
videos,1
vietnam,1
viewing,1
viewpoint,1
viking,1
village,1
villages,1
vindication,1
viral,1
virions,1
virologists,1
visited,1
vlad,1
vogel,1
voiceovers,1
volley,1
volume,1
voluntary,1
volunteers,1
von,1
vorp,1
vote,1
voters,1
voting,1
wacko,1
wafted,1
waitwhat,1
wake,1
walkthroughs,1
wallet,1
walls,1
wally,1
warfare,1
warmup,1
warranted,1
warrior,1
wars,1
wash,1
washington,1
wasis,1
wassomething,1
watermelon,1
waves,1
waving,1
wayyy,1
weakest,1
wealth,1
wealthiest,1
wears,1
weave,1
websites,1
wed,1
weekly,1
weighs,1
weirdest,1
weirdly,1
weirdos,1
wel,1
wellmade,1
welp,1
wendys,1
wennt,1
weren,1
wesbtrook,1
wesley,1
westhttpswwwinstagramcompct77fjfuzsutmmediumcopylink,1
weston,1
wet,1
whack,1
whatsoever,1
whatwhere,1
wheelchair,1
wheels,1
wheres,1
whilst,1
whiniest,1
whispers,1
whistling,1
whitepeopletwitter,1
whites,1
whoa,1
wholeheartedly,1
wide,1
wider,1
wig,1
wildest,1
wildly,1
willfully,1
williams,1
williamsmember,1
windhorst,1
windy,1
winners,1
winter,1
wiped,1
wire,1
wisdom,1
wisemankumingamoody,1
wisemanmoody,1
wiser,1
wishful,1
wisten,1
withhold,1
withholding,1
witnessing,1
wittle,1
witty,1
wivesgfs,1
wolfley,1
wolveskings,1
women,1
wonderlic,1
wontknow,1
woo,1
woody,1
wooohooohoooo,1
wore,1
workings,1
workload,1
workouts,1
workplace,1
worldending,1
worldnews,1
worms,1
worrying,1
worsening,1
worsethe,1
worship,1
worships,1
worthless,1
worthwhile,1
wouldt,1
wrap,1
wrath,1
wrecked,1
wright,1
wrist,1
writers,1
writing,1
ws,1
wwe,1
x3,1
x34,1
xander,1
yah,1
yankees,1
yeahh,1
yellow,1
yells,1
yesterday,1
yesterdays,1
yh,1
yk,1
yo,1
younguns,1
youtubegtgtgtgtgt,1
youtubers,1
yrs,1
yxstian,1
zbo,1
zealand,1
zeke,1
zerosum,1
zions,1
zzz,1
NA,1
